Date,AAPL,AMZN,JPM,TSLA,weekday
2010-07-01,-0.012200138861091487,0.015439420417627176,-0.013215809057059366,-0.08172291550447511,3
2010-07-02,-0.006216653842618277,-0.016538329352710383,-0.006953065263233771,-0.13431235083949972,4
2010-07-06,0.006820406657864973,0.008394210905646397,0.013858277752941356,-0.17547005860514583,1
2010-07-07,0.039586924185396145,0.030160310772762898,0.04888157588054188,-0.019430532678024044,2
2010-07-08,-0.0022447016816162834,0.024298981435479244,0.0002621124152359811,0.09990291450771378,3
2010-07-09,0.005910658176828707,0.008908752894736641,0.017920565447577492,-0.003442402460710787,4
2010-07-12,-0.009014714019125408,0.01900639053169125,0.008713061886954447,-0.02031966887617015,0
2010-07-13,-0.021568949054813946,0.03405490770326602,0.03238678950547701,0.061968613319029066,1
2010-07-14,0.003686250492344731,-0.0028345714743345345,-0.003216776248391621,0.08958123400877288,2
2010-07-15,-0.005077418548170439,-0.010107649989011534,0.00272253868630714,0.002516718268925495,3
2010-07-16,-0.006183474566383899,-0.029684187096625847,-0.03675251315880942,0.03701390040776307,4
2010-07-19,-0.017437766972401614,0.012163087101122716,0.0010252815111679294,0.05971241690769228,0
2010-07-20,0.025369321835085293,0.0013330941454267086,0.014999674185760922,-0.07632275442299001,1
2010-07-21,0.009286599586615181,-0.02248233416776402,-0.031008528066222854,-0.003948386677901586,2
2010-07-22,0.018626681855549033,0.02223248952519915,0.02391796929484592,0.03785017031257625,3
2010-07-23,0.0035449550327416013,-0.010044437448350613,0.012124637983134116,0.013714810050456133,4
2010-07-26,-0.0025418333472990813,-0.003961730715231155,0.012475109195390055,-0.016098343112193245,0
2010-07-27,0.0183436586537661,-0.010784280852523571,0.008886981299634316,-0.01927794320898038,1
2010-07-28,-0.011885502594845148,0.0,-0.009134774203229798,0.008238226955451972,2
2010-07-29,-0.010980519428161492,-0.002307828457307055,-0.0027320764416041473,-0.018017982994436584,3
2010-07-30,-0.003337595170734556,0.008775322741065532,0.0017394314894574993,-0.020353713922124282,4
2010-08-02,0.017723623399523047,0.01832295473234685,0.03320599170590134,0.04797842480726451,0
2010-08-03,0.0003050258336128722,0.01938282138442452,-0.013539540759477935,0.04806101975573991,1
2010-08-04,0.004000625241642786,0.041285923230830995,0.005098712416642768,-0.03193977645512355,2
2010-08-05,-0.004879461204759142,0.001957607466857797,-0.0004846095365274573,-0.03884451423850342,3
2010-08-06,-0.006170204711104065,0.003825871292871556,-0.020316514026410507,-0.04296340075597828,4
2010-08-09,0.006361977897631454,0.0039666079455817115,-0.015450049434261617,0.0005105709978198497,0
2010-08-10,-0.008980628379177057,0.009040715634037862,-0.016457877904278943,-0.02951286819703122,1
2010-08-11,-0.03618884430390522,-0.032125960676621955,-0.03639635970353827,-0.06121647193115643,2
2010-08-12,0.006374548305938448,0.005308025091292088,0.0010585002152275356,-0.01690179888318484,3
2010-08-13,-0.010740930301287968,-0.014885868875399683,-0.008232583669213953,0.04009444877227912,4
2010-08-16,-0.005878181000371348,0.011006690086204574,0.0050535628325076,0.024799344879834026,0
2010-08-17,0.01733454383350911,0.021889182762562336,-0.005586778759214082,0.019510522619141064,1
2010-08-18,0.0043553992298311795,0.0061120049102701465,0.010879368589554498,-0.020043392994867362,2
2010-08-19,-0.01268536388959906,-0.01617329259591324,-0.021878945288878075,0.001065456951836757,3
2010-08-20,-0.0009609869286273901,0.0014882745402789224,0.0018869409295012845,0.01636299692748129,4
2010-08-23,-0.01550143385172657,-0.00912100804093561,-0.007025553140817603,0.05252320861954328,0
2010-08-24,-0.024171012140265208,-0.01648584141036638,-0.01833414448942777,-0.047300988654799016,1
2010-08-25,0.012261763090567104,0.018458662878092582,0.0005521511768903944,0.035809689505342815,2
2010-08-26,-0.010803782109393268,-0.015812204603160407,-0.016699825782241513,-0.007566231511434989,3
2010-08-27,0.005561329412270875,0.0141552661089185,0.026860761367657734,-0.0025353064583443336,4
2010-08-30,0.003634897545621522,-0.0227618225071509,-0.02070486154964716,0.008592882565097255,0
2010-08-31,0.0024717296674408944,0.008366237648554495,0.01412537754517305,-0.01982277128451625,1
2010-09-01,0.029307083186285613,0.05955434458794229,0.037251667200340746,0.04859410883293745,2
2010-09-02,0.007323185963070521,0.020321978239365684,0.011067237697089435,0.029392909620493207,3
2010-09-03,0.02583640049713043,0.02613285987933641,0.026123484829036515,-0.00047525191963452,4
2010-09-07,-0.003717251955622709,-0.011376492320150882,-0.022983558309115686,-0.02452630393174026,1
2010-09-08,0.01962745068635067,0.013895102533941637,0.02170628851562121,0.017374907651469797,2
2010-09-09,0.0005703002037663667,0.008872450218374935,0.024742164705735075,-0.009131993769594804,3
2010-09-10,0.0012910583369146668,0.014567850028991969,-0.008515069658699389,-0.026420327465234802,4
2010-09-13,0.013686694810244478,0.01829549350715623,0.03363355605383946,0.02690260286142464,0
2010-09-14,0.0038131071673077766,0.004676429696995906,-0.009775352348277592,0.019121282041197965,1
2010-09-15,0.008025429811200755,-0.0020604219575783987,0.0063644264902394,0.03991225778823539,2
2010-09-16,0.023227303845567454,0.01825785786567735,0.00024450605362221145,-0.048471485954015556,3
2010-09-17,-0.004348134082872767,0.0012818388480486662,-0.02294965678375561,-0.03449430795979603,4
2010-09-20,0.028143522200481958,0.01989254145784243,0.02781676656262816,0.040208620657688286,0
2010-09-21,0.0019046089042143478,-0.003774474572691408,-0.014674113740886051,-0.013865631225686787,1
2010-09-22,0.01392827673974686,0.007271294481347586,-0.016142924266293365,-0.04429861594322747,2
2010-09-23,0.004057697158036885,0.006695590087184105,-0.021256095780502082,-0.015724610817731268,3
2010-09-24,0.011699309238228121,0.05026889737902917,0.01648783208418682,0.027233160009510322,4
2010-09-27,-0.003976487049864044,-0.008497375627482134,-0.01699907539152283,0.021167639346159756,0
2010-09-28,-0.014878528168023106,0.0020685118360797426,-0.003332354256332677,0.04150365884365805,1
2010-09-29,0.0017762169417075292,-0.004455754223941834,-0.013961069454902051,0.026741573043440717,2
2010-09-30,-0.01267665356620083,-0.012213398883136837,-0.009153824735938105,-0.07410749655146084,3
2010-10-01,-0.004343978696565824,-0.021560189736402294,0.0195141882823033,0.009265601887999946,4
2010-10-04,-0.013829223583996606,0.010870328223454778,0.004890274093061267,0.018755079210463148,0
2010-10-05,0.03629847854243065,0.034658521441007076,0.01755976992787419,0.006174557664762153,1
2010-10-06,0.0008644837485557805,-0.03459414328381231,0.0065376690098017205,-0.031748720163790635,2
2010-10-07,0.0001040976068570317,0.005582835670266514,-0.009569362896604885,-0.0014673328285522206,3
2010-10-08,0.016630470937910303,-0.004618028186263769,-0.005328267584365602,0.0,4
2010-10-11,0.0043770572441665856,-0.016333232945071736,0.010627642910395836,-0.009343767569021564,0
2010-10-12,0.010708778486952387,0.02229418115431889,0.016723293960335374,0.0,1
2010-10-13,0.005345178418618834,-0.008406888292970994,-0.013958198981969436,0.014713349242101763,2
2010-10-14,0.007204225620485283,0.002317365119360801,-0.028515222270438612,0.010172000305282399,3
2010-10-15,0.04029326408076646,0.05692264671998301,-0.04139259773055449,-0.010172000305282348,4
2010-10-18,0.010305386805764831,-0.006581364179871674,0.02787188768646223,-0.015207064806313451,0
2010-10-19,-0.027126178383508115,-0.030353400353410605,-0.013440835840367524,-0.008937557823546974,1
2010-10-20,0.0033548205609156157,0.0,0.010819272384329217,0.029486218560218325,2
2010-10-21,-0.0032582710926706373,0.03893707327866998,-0.010553997650993702,0.0048304043749245055,3
2010-10-22,-0.006644920114931115,0.024904032837503764,0.0,-0.001446811027217536,4
2010-10-25,0.004445749097706284,-0.0007689639504011449,-0.016851746380887593,0.00625476657510214,0
2010-10-26,-0.002561261245029707,0.005605633172418109,0.0035006564873966716,0.024166093551225745,1
2010-10-27,-0.0007145590488460691,-0.014461307340774936,0.00909799636650326,-0.01699761081106246,2
2010-10-28,-0.008449125738721983,-0.004007747939222526,-0.0007996598610951493,0.009007213070734875,3
2010-10-29,-0.014054582756958181,-0.009696784176495188,0.0031945803112328626,0.030213496807565854,4
2010-11-01,0.010576064912021683,-0.016168333412933278,-0.005596095766622176,-0.01988526338216057,0
2010-11-02,0.016886120608224475,0.012408913967118306,-0.01236934108409122,-0.007500747425307018,1
2010-11-03,0.011058143535081642,0.023178633022921235,0.020353948375473874,0.02417555747528482,2
2010-11-04,0.017336476937337208,0.002726707515700523,0.05367668183155381,0.13433510612342842,3
2010-11-05,-0.003588583749871832,0.01083319508188447,0.0282406927871889,-0.018646841823652265,4
2010-11-08,0.004687539432505308,0.007118698746454964,-0.010559573271534133,0.021854382578352472,0
2010-11-09,-0.008003972667517017,-0.010050863463148796,-0.015171753781347103,-0.014110136378943055,1
2010-11-10,0.006150004628498402,0.01781186499237618,0.017884036238855476,0.17566782972265335,2
2010-11-11,-0.004348293422221356,-0.017224721447808504,-0.014881172055260792,-0.04600111820879901,3
2010-11-12,-0.027599870618184048,-0.02791431609112674,-0.010297958874699866,0.06221772539337595,4
2010-11-15,-0.0032191821110192412,-0.041783169829378866,0.011796303621695245,0.03166492444975506,0
2010-11-16,-0.01790964147399712,-0.007073445218683271,-0.011796303621695151,-0.037378092132469634,1
2010-11-17,-0.003620658341977712,0.0036061254634759815,-0.010914980901324027,-0.006085254024585395,2
2010-11-18,0.026046818827159857,0.036094689759342935,0.012176578721142441,0.013472920444350998,3
2010-11-19,-0.00552648594066126,0.003951525475272512,-0.006323381421132439,0.036140441030880446,4
2010-11-22,0.021384716421401054,0.03323591062873375,-0.02310144441012765,0.07489145263646375,0
2010-11-23,-0.014885711998507953,-0.012936171861805009,-0.023116236388074994,0.03443037978248995,1
2010-11-24,0.019470135702354934,0.052407457538578985,0.013985586292673836,0.02570098702802671,2
2010-11-26,0.0006353334206657127,-0.0002821875125676242,-0.017446631717765042,-0.004237888510913769,4
2010-11-29,0.005919308928702624,0.012840463494168425,0.010874325460893309,-0.0284297581496438,0
2010-11-30,-0.018216443800601546,-0.023050330780778675,-0.013544505773155618,0.028712620786185753,1
2010-12-01,0.016731490735777687,0.006535029132182035,0.019855263680426057,-0.028130355976306556,2
2010-12-02,0.005516261373256787,-0.00011333458060315729,0.029952890666578677,-0.05998782924197993,3
2010-12-03,-0.0022348882490545213,-0.004826623200133335,0.0076025357898654175,-0.026944273634990044,4
2010-12-06,0.008501439653576338,0.01340022337761021,0.007295094691105126,-0.03819200543536909,0
2010-12-07,-0.006078016404513267,-0.007214971726286616,-0.016424834072749226,0.040412645793377,1
2010-12-08,0.008760751667018233,-0.002719105285199009,0.025406581198630117,0.025341524911422865,2
2010-12-09,-0.0039015637978032976,-0.008201851435656353,0.013568734796241974,-0.009934718866818897,3
2010-12-10,0.0024980899204981337,0.004394087154658993,0.015077963694699856,-0.016675285380512123,4
2010-12-13,0.0034573619531653205,-0.007831579714750205,0.0019295711352462829,-0.03125715758083558,0
2010-12-14,-0.004299676578428924,-0.0017806454522473314,-0.01749714332653724,-0.06840876342229218,1
2010-12-15,0.00021870013538874647,0.009327418183716832,-0.014321839136910725,0.036818053834859074,2
2010-12-16,0.0027743006909887865,0.01397051355413109,-0.0049860646674432145,0.040065071334115764,3
2010-12-17,-0.0019945700680824574,-0.0025871131898530277,-0.008534003946932716,0.017694095073698624,4
2010-12-20,0.0049781452027312595,0.031648444838887915,0.007033251686903006,0.010783157528474736,0
2010-12-21,0.00615727636812453,0.007933956685117557,0.0259433867576197,0.01751168850757647,1
2010-12-22,0.002956858978720546,5.409600162689283e-05,0.027900185854788272,0.011403762546843842,2
2010-12-23,-0.004809210155898546,-0.011814431709203505,-0.0018993828035516903,-0.08103905641782759,3
2010-12-27,0.0033319226031926566,-0.0024675840924236916,0.013923213356598794,-0.16355577873992713,0
2010-12-28,0.0024304287379794936,-0.005781556710742416,-0.0014072663670960787,0.03310576374921453,1
2010-12-29,-0.0005531871996286967,0.012511859770699019,-0.005884102843714124,0.04877215719796083,2
2010-12-30,-0.005023804072188444,-0.00338688598012384,-0.0030740522211582313,-0.04537012734118322,3
2010-12-31,-0.0034042659072046266,-0.015162226865820886,0.0044893461260827015,0.004893312066540563,4
2011-01-03,0.02149961734846714,0.02317389271079452,0.026978583659608247,-0.0003752238282340227,0
2011-01-04,0.005205439896022761,0.004279104379331909,0.014368873605937835,0.0018763219203928492,1
2011-01-05,0.008146510187748793,0.012942270653019386,0.012154084090635951,0.005981493848212535,2
2011-01-06,-0.0008081199457279551,-0.008358392695657895,-0.004933893277149373,0.03838894342343944,3
2011-01-07,0.007135187875192076,-0.001992765215799503,-0.01906550189688339,0.012829786851507315,4
2011-01-10,0.018657988520240316,-0.004376340774939805,-0.00551474257459165,0.007408777526013746,0
2011-01-11,-0.002368245011687495,-0.0018427405536884044,0.004597706208934068,-0.05379423648673667,1
2011-01-12,0.008104475384316997,-0.001411382273021449,0.02513978873302927,0.0,2
2011-01-13,0.003651199904603249,0.007846069777910681,-0.0058319735666344736,-0.027831608681014152,3
2011-01-14,0.008067185085631203,0.017206821230974376,0.010295332638739867,-0.018087639111639898,4
2011-01-18,-0.02272488433869162,0.0131580845775112,-0.003568757924222903,-0.0042814502781247325,1
2011-01-19,-0.005327619744712609,-0.02316827007465931,-0.023514544196876902,-0.06485035511868341,2
2011-01-20,-0.01834716773367924,-0.026626366890624902,0.02351454419687695,-0.060468567118828136,3
2011-01-21,-0.01807716161919118,-0.02526699996748777,0.011994860993759512,0.01839736308108968,4
2011-01-24,0.03231370843887278,-0.003217950320722692,-0.005979350197128091,0.061033197201964234,0
2011-01-25,0.011637197089941426,-0.0008485018097893233,-0.003337652919065853,0.007727986132952216,1
2011-01-26,0.007151221398890033,-0.0074413431030821,0.002448930987825909,0.002832446710137249,2
2011-01-27,-0.0018634444328130598,0.05036636695722876,0.0026644374930202713,0.006844997582764401,3
2011-01-28,-0.02093369270225194,-0.07489645378406486,-0.012495060573626097,-0.03719985378254204,4
2011-01-31,0.009535311071509562,-0.00880336773094601,0.008940342685203108,0.00374145560340681,0
2011-02-01,0.016687338057639348,0.014455247009977155,0.021791045452698696,-0.00791530386599495,1
2011-02-02,-0.002059487185444462,0.008216699041254313,-0.010506094735484934,0.0012539025402504476,2
2011-02-03,-0.002559327438053209,0.001036726769815698,0.0002199881270960588,-0.013033793528755047,3
2011-02-04,0.008870569971004093,0.012698953265093791,-0.01932324488743223,-0.007220029181460513,4
2011-02-07,0.015407395811132995,0.0028379651794727353,0.02020220811148063,-0.0167637858080614,0
2011-02-08,0.009390766702773574,0.03688977737187754,0.005261452173250449,0.05973197759730278,1
2011-02-09,0.00829852262764415,0.012162215727208079,-0.013869451293235796,-0.05368203550905777,2
2011-02-10,-0.010158707687775383,0.004898914315831597,0.009267536055212936,0.0004309558872247033,3
2011-02-11,0.006494449103232042,0.016193767340688094,0.022585302026368128,0.0012911391695114818,4
2011-02-14,0.006508334373651633,0.006163297237955846,-0.0006444943263980694,-0.0073384666636333315,0
2011-02-15,0.0020026042045013905,-0.007326423077319314,0.005998348561347897,-0.010452997829452665,1
2011-02-16,0.008934301402217923,-0.01283122719997674,0.023639939251073206,0.07950363352484273,2
2011-02-17,-0.013389685518508365,0.0060900030052057925,-0.002506577162253927,-0.046770754258042765,3
2011-02-18,-0.021839168195546092,-0.0067332833398520515,0.0037571241284514246,-0.017956875819686458,4
2011-02-22,-0.03468283810721995,-0.03314376255008196,-0.04234240994715983,-0.058173843472690404,1
2011-02-23,0.011772662608301865,-0.02094731080603568,-0.00108707586326217,-0.0018308590377508294,2
2011-02-24,0.000758450907888873,0.0060379019487130856,-0.0010885094532180918,0.03156279958760947,3
2011-02-25,0.015281807250598961,-0.002873248375457649,0.01663292469588907,0.0468226144024409,4
2011-02-28,0.014400609255793515,-0.022538279898131765,0.00021388414989927037,0.011789808632562463,0
2011-03-01,-0.011102790982823773,-0.022467622686961803,-0.023622445385369135,0.0020905123070968593,1
2011-03-02,0.008012364650187967,0.015111833346773235,-0.008589039272901932,0.0033359496609780006,2
2011-03-03,0.020908996583786206,0.004466215860836406,0.019060696527508154,0.014055791763088825,3
2011-03-04,0.001222756273334825,-0.006502926852676078,-0.0122270651116731,0.02393124281418482,4
2011-03-07,-0.012972618470811943,-0.015201986965616225,-0.007276408047988108,-0.0004004944622467248,0
2011-03-08,0.0011250015186326607,-0.013037168268097948,0.026423736948133752,-0.011290632197523668,1
2011-03-09,-0.009291043520900995,0.012859706388795992,0.0034426879616194935,0.0024301035254074253,2
2011-03-10,-0.016592059186136144,-0.01736374407384227,-0.02237061968006608,-0.029142015381550864,3
2011-03-11,0.015229855170141991,0.011549686380613138,0.004601915238022871,0.002495808950103917,4
2011-03-14,0.0044498378404159685,-0.008004754372241726,-0.009666173011189761,-0.034661326045737496,0
2011-03-15,-0.02326317275430288,-0.009945587946361136,-0.015349205400428445,-0.012987183462619664,1
2011-03-16,-0.04566667187239546,-0.002304574267043627,-0.01809554184748391,-0.005680806149927315,2
2011-03-17,0.013932396454520947,-0.022907575691355174,0.016973879282809745,-0.0004378845005600627,3
2011-03-18,-0.011934562006586769,0.005266537544823805,0.026137040976292318,0.006554527677710091,4
2011-03-21,0.025763398306740768,0.016547565611430868,-0.0024077505809940265,-0.010068299690991198,0
2011-03-22,0.0055846891027042786,-0.01173891176772892,-0.0035129780679751853,-0.024043914391832167,1
2011-03-23,-0.005908295041020882,0.016589753532850856,0.002854824086314345,0.0009013189345864045,2
2011-03-24,0.016896687006834676,0.03436525184742552,0.0028470117062493966,0.005388437644491392,3
2011-03-25,0.01886627655086544,-0.0007016509603469574,0.0028386156821140645,0.018634073385056467,4
2011-03-28,-0.003134310264867447,-0.009579017881964575,0.002178518604435503,0.02173973055408609,0
2011-03-29,0.0014828785417210155,0.030644630537815194,0.0013041368243383608,0.0284100104142575,1
2011-03-30,-0.006661005458441819,0.02711721639859195,0.009300720979204367,-0.008817988774266141,2
2011-03-31,-0.00034465234667054327,0.003949444878169718,-0.007563307220044454,0.1573387301702656,3
2011-04-01,-0.011398336198574222,0.0,0.005407918307437953,-0.04007171396858026,4
2011-04-04,-0.00982884139402647,0.015479424883162807,0.005193050601964278,-0.03162753034215127,0
2011-04-05,-0.006763653743586216,0.012763864634160339,0.005165546596827901,0.0331269405638384,1
2011-04-06,-0.0025116089402545294,-0.01374836329430179,0.022501361235761554,-0.007896227688402284,2
2011-04-07,0.00011854998120664403,0.01169541236800362,-0.005050382325454303,0.027919151234255864,3
2011-04-08,-0.008973075092726181,-0.0010821141942701329,-0.011884963564507467,-0.027919151234255837,4
2011-04-11,-0.012795602792273654,-0.003633975132590848,0.0004270154166528653,-0.0471492075849825,0
2011-04-12,0.0048253573405702445,-0.019533101897064212,-0.0047055112556926805,-0.02484144183380142,1
2011-04-13,0.011158630355156266,0.009978843657472607,-0.008397486703508001,0.0112951897333127,2
2011-04-14,-0.011098731226229914,-0.00258168751318658,-0.02806572915425116,0.00838834063391566,3
2011-04-15,-0.015033293232341632,-0.010004768667280927,-0.0017805433411746852,0.01735039484437591,4
2011-04-18,0.01331703247452333,-0.009320554214421925,-0.02093506319378266,-0.021735316918542708,0
2011-04-19,0.01794870909360463,0.0026878914282552698,0.015574203639552824,0.005179950988630513,1
2011-04-20,0.013377282324245803,0.027849227262690762,-0.002017963426099263,0.02317962244703392,2
2011-04-21,0.02392198361065039,0.010926199814918875,0.0026896286270285566,0.03772592760600603,3
2011-04-25,0.006565237724923038,-0.0025316263745100787,-0.0015676646620016838,-0.013175812276014892,0
2011-04-26,-0.0073640436480278595,-0.016969855729504855,0.011367146511846029,0.020255767379058605,1
2011-04-27,-0.0007703295290255096,0.07567013902941494,0.008386573445086816,0.0055545368805671866,2
2011-04-28,-0.009757891136640561,-0.007965328661173906,0.007663043107770946,0.021192042866051797,3
2011-04-29,0.009700570181584949,0.0037863024229690696,-0.004809416211650065,-0.002171525546601572,4
2011-05-02,-0.01105701619632092,0.027104940049265027,-0.009910983049681762,-0.005449599457101125,0
2011-05-03,0.005529425987892893,-0.013712564785987832,0.016246011247387348,-0.021355977118143167,1
2011-05-04,0.003927009479902073,0.0076301976963498355,-0.009188655093826499,-0.006721440785027476,2
2011-05-05,-0.008099989453058867,-0.01440537133651567,-0.007278970239499342,-0.009410603060889984,3
2011-05-06,-0.00025939728364544163,0.0024828259083768817,-0.002881714332910074,0.02539327522304199,4
2011-05-09,0.0027078111174318647,0.016064587121218638,-0.0017779004029991586,0.028713775806093415,0
2011-05-10,0.005308214894679182,0.01551640477420888,0.004438268223057502,0.014936262200895584,1
2011-05-11,-0.006373302575322031,0.002155203953174415,-0.020808589474409032,-0.045495197555265765,2
2011-05-12,-0.0019024637934815672,0.008234941179166535,-0.0031700256117269676,0.02192266553586621,3
2011-05-13,-0.017669628741423016,-0.017179769356707265,-0.02155085675739567,-0.004346266339453695,4
2011-05-16,-0.021372244195750036,-0.0508880926718192,-0.006276485914591361,-0.03509168374423086,0
2011-05-17,0.008484908734134516,0.011876698909659292,0.021456788169182707,-0.02435391999057894,1
2011-05-18,0.01103506677916028,0.011635687817746257,0.006143720566333004,0.01491139337246651,2
2011-05-19,0.001940306244331844,0.00863879338400912,-0.0018166562254303073,0.06785350045637913,3
2011-05-20,-0.015716136531237726,-0.0007547812687695876,-0.019970906068749038,-0.00818925833094998,4
2011-05-23,-0.0024493945901156895,-0.012308005223324196,-0.013538990320324738,-0.04198484615709132,0
2011-05-24,-0.006630601251526594,-0.015148307887182534,-0.004947374968897493,-0.003735726406065811,1
2011-05-25,0.013722792194295922,-0.00523954372075907,-0.0016545115369888909,0.08119381360461377,2
2011-05-26,-0.0052992301233084505,0.014150944656269203,0.004249084552361085,0.01710593192559811,3
2011-05-27,0.00716828841499033,-0.004471515324400709,0.00797783209868027,0.002371868331261441,4
2011-05-31,0.030414922386332605,0.01310087382937687,0.010461202364492966,0.01976921681343718,1
2011-06-01,-0.006692286622162388,-0.022052390733262196,-0.034827030947845186,-0.05524756840440068,2
2011-06-02,0.001706454635213421,0.0064758678059439745,-0.0035985491767479352,0.00837995579342926,3
2011-06-03,-0.007715486468389777,-0.027909711737028362,-0.0009614234345533204,0.04653615262282952,4
2011-06-06,-0.015848409471822703,-0.01406405264411921,-0.025336455489028967,-0.04862453615052515,0
2011-06-07,-0.017908749908821384,0.009966802020456194,0.004676428027134526,-0.01156491494676578,1
2011-06-08,0.0006022599171857929,0.0026624693640701683,-0.008136488646207122,-0.04506061843754188,2
2011-06-09,-0.0022599389484326215,0.00863056233248994,0.0145017348902687,0.018268538478361972,3
2011-06-10,-0.017006890869956003,-0.016746385965074558,0.001706131354669795,0.008651775056632064,4
2011-06-13,0.0021452334316236304,-0.0012874937732524172,0.014991472881351197,0.020253017859588354,0
2011-06-14,0.017723206315331256,0.019508955203976653,-0.0014413995836348936,0.005962112493748812,1
2011-06-15,-0.017264174236903206,-0.021174420865562354,-0.022603617122281688,-0.045788010015350315,2
2011-06-16,-0.004877650341279577,-0.01260735827462129,-0.007897425382187842,-0.030473953112410027,3
2011-06-17,-0.015184312474562214,0.014702138621862188,0.01084264732140519,0.0,4
2011-06-20,-0.015545223736622423,0.0072175583619844405,-0.007873472290381437,-0.01866386566503577,0
2011-06-21,0.031159947930043137,0.034091584340746266,0.010566266009526645,0.05679507115734035,1
2011-06-22,-0.00830377457638627,-0.013476606073086936,-0.005391803697024875,-0.011691573340218435,2
2011-06-23,0.026368636451580562,0.013116145225397287,-0.015355246128595488,0.018208595175824283,3
2011-06-24,-0.014842372587888779,-0.008326763603944904,-0.014580270931678024,-0.005064896548659828,4
2011-06-27,0.01728505372626689,0.04419209962297515,0.009827804337502714,-0.003997664463660231,0
2011-06-28,0.009650772877651842,0.005450985186362425,-0.008561958613575518,0.023394767240762587,1
2011-06-29,-0.0036455784297065755,0.009003020384451787,0.022753476177435363,0.006383045051754355,2
2011-06-30,0.004867979012839425,0.001517123560921729,0.012041115017783426,0.02926018214272497,3
2011-07-01,0.022359379705783885,0.02415693168890571,0.021636814538557675,-0.003783171957037869,4
2011-07-05,0.017815114760305475,0.01750782120892238,-0.013315714202041466,0.004126560965624014,1
2011-07-06,0.006645717067028315,0.00467970246301004,-0.011521288038771987,-0.006196213882676248,2
2011-07-07,0.015346884959123374,0.011834967847413284,0.01856441307495767,0.026240871338991337,3
2011-07-08,0.007002496763846283,0.0070801331346680065,-0.014136277531238597,-0.03143388378058653,4
2011-07-11,-0.016001288421010774,-0.02660138645257562,-0.032683747489901875,-0.016095727256328886,0
2011-07-12,-0.0007062487642183854,-0.006229666407631928,-0.0010150465586570806,-0.006369429544732547,1
2011-07-13,0.011998091844204736,0.010689301622993289,0.005822335751101558,0.016546569552335976,2
2011-07-14,-0.0006984940914000073,-0.014721426147909621,0.018257447091744473,-0.03662595049501089,3
2011-07-15,0.01978779504071695,0.01176625717932245,-0.009212201323529099,-0.001087139370116635,4
2011-07-18,0.024043141062944456,-0.006314854939294953,-0.0037590512625476358,-0.01277194485378594,0
2011-07-19,0.008125979299555457,0.030403416453974322,0.013962090550499413,0.02394891508500944,1
2011-07-20,0.026319266935939462,-0.01157732773105812,0.014013551817293253,0.02828078014282834,2
2011-07-21,0.0010076746745183067,-0.01091535992172619,0.031954809141731905,0.00034815592839125835,3
2011-07-22,0.015398883138963523,0.015405386231763277,-0.002367163380151024,0.020349351425953652,4
2011-07-25,0.01313483436259204,-0.01409290489837082,-0.011922105782965986,-0.02769335736975868,0
2011-07-26,0.012245534840449929,0.0032267120133566466,-0.006014541150583102,-0.01734826708701359,1
2011-07-27,-0.027187514215175086,0.038200272774432865,-0.018755968834562986,-0.012940535120052877,2
2011-07-28,-0.001963343521881487,0.006182474794097996,0.0002456772952683589,0.01899342216121996,3
2011-07-29,-0.0034254711626961754,-0.006182474794098079,-0.005669910813526609,0.0,4
2011-08-01,0.015929716440358087,-0.005407404899583671,-0.00024721499293287464,0.021075575553252124,0
2011-08-02,-0.019959034964571677,-0.044439434906329456,-0.014947937720167372,-0.05098215296619597,1
2011-08-03,0.009367090097354468,-0.00825313155239012,0.001504824649349341,-0.005134207134614834,2
2011-08-04,-0.03948860804615833,-0.04122689372009789,-0.050897663983668004,-0.09439133394753774,3
2011-08-05,-0.009986910025272912,0.006036919569060852,-0.008474654427526053,-0.020821278545420378,4
2011-08-08,-0.05617662715174918,-0.04541646230186062,-0.09888062960710081,-0.025064019214976415,0
2011-08-09,0.05722001502245831,0.05713833139046959,0.06644548097850968,0.058333003470655204,1
2011-08-10,-0.02798073221542061,-0.054920901890526085,-0.05738490965834634,-0.05074757911405781,2
2011-08-11,0.027151428609044143,0.021555540689757888,0.06531989442115219,0.060278971736963644,3
2011-08-12,0.008765098713161392,0.01966813761663349,-0.021487954212447678,0.039144492793393396,4
2011-08-15,0.016886501029181395,0.003207925498417557,0.02665371124230453,-0.003045080205423306,0
2011-08-16,-0.007671681013002433,-0.026310103117349243,-0.02331774211458801,-0.0049686656766883145,1
2011-08-17,-0.00010483590803573452,-0.008892070316860524,0.01487620027467605,-0.01039871104033194,2
2011-08-18,-0.03855846545057218,-0.07089767324240473,-0.038466251865978046,-0.0627078776301427,3
2011-08-19,-0.027755074359631784,-0.019865152077705988,-0.024159518069912702,-0.08424180356302273,4
2011-08-22,0.0011512187729679864,-0.007798728979333332,-0.027747015149206845,-0.015820008551334717,0
2011-08-23,0.047019774949930315,0.08633993406222955,0.04018733738074947,0.044986835809577755,1
2011-08-24,0.00688169850177128,0.0009295419816424178,0.029743153088938868,0.03886849594020945,2
2011-08-25,-0.006560785263844294,-0.008813831619410087,-0.0030753018033031513,-0.03235657311046093,3
2011-08-26,0.026041422241624566,0.03700912760673289,0.013624732926863389,0.026474403634551936,4
2011-08-29,0.016521744041112132,0.03578498304732602,0.038731928884713746,0.040467752096686856,0
2011-08-30,5.0974961502033235e-05,0.021033195419987945,-0.015528686782278959,-0.003242645656439889,1
2011-08-31,-0.013319241504016388,0.020228387287854463,0.013401246237585266,0.004455977234652143,2
2011-09-01,-0.009923619338849398,-0.01257706479290021,-0.03412186677916654,-0.030367319724373284,3
2011-09-02,-0.01848844794913743,-0.012022661586495396,-0.04709757497602541,-0.039520781124410695,4
2011-09-06,0.01509693760323128,0.029003864682262546,-0.03496747597556743,-0.00565117338160353,1
2011-09-07,0.01097374648025466,0.017061491752533204,0.04043878428023534,0.038482777840512315,2
2011-09-08,0.0005468409371710772,-0.012078101872273216,-0.03834779125672632,-0.009694316880291109,3
2011-09-09,-0.01748952061737938,-0.027390019539721297,-0.043611135200263225,-0.02748157248675348,4
2011-09-12,0.006495897305579687,0.02416288590716387,0.010542944007814723,-0.003925800480452642,0
2011-09-13,0.012242222529711367,0.013621205474555129,0.0021567964240271588,0.05111841576129868,1
2011-09-14,0.012094652289142815,0.013752800376409984,0.009496239232038966,0.010739870749429146,2
2011-09-15,0.009357340712749256,0.018738704841394654,0.03032790024183154,0.01952872797282716,3
2011-09-16,0.019006153341429303,0.0537376453273873,-0.011302869000584194,0.03872451534176324,4
2011-09-19,0.027411047733652973,0.009937931467529717,-0.02852127047328625,-0.0011634522560374865,0
2011-09-20,0.004411622070369639,-0.03554506669817105,-0.0074145065133990285,0.009270004455675152,1
2011-09-21,-0.0031736194600685587,-0.005933990804297262,-0.06105076761349232,-0.006170652570601609,2
2011-09-22,-0.025358767012438607,-0.03797425360559971,-0.035904034819182584,-0.008546649395924867,3
2011-09-23,0.006153254653050514,0.0017008377029479095,0.010873496973944019,0.02884257358985698,4
2011-09-26,-0.002799086926855179,0.027523483076988573,0.06730170576489736,-0.03314404281878739,0
2011-09-27,-0.009745457983256777,-0.02484385722749477,-0.0025308538731480547,0.0259153984490955,1
2011-09-28,-0.0056512413561485815,0.024234581441636045,-0.0354648217307359,-0.06303802919216209,2
2011-09-29,-0.01635451481175766,-0.03216029402444807,0.0297468721994057,-0.01929826205415188,3
2011-09-30,-0.023968335526068644,-0.028314760411191832,-0.04130024125066449,0.011131844198703215,4
2011-10-03,-0.017779967892422394,-0.019850690145438,-0.05003578681040068,-0.027433159668510544,0
2011-10-04,-0.00562157280902115,0.0024500599248289488,0.06343726904481142,-0.002954450888545051,1
2011-10-05,0.015318309704972152,0.03241027890881548,0.018986006423775837,0.06978157893008227,2
2011-10-06,-0.00232939762911853,0.009115425899631538,0.04872860759832982,0.06078689240711691,3
2011-10-07,-0.020263988048215043,0.014476526722967942,-0.053278379782191757,0.0011121268802394854,4
2011-10-10,0.050128750116787545,0.028857812074851073,0.05080445428315866,0.03244354522897597,0
2011-10-11,0.029098229236163176,0.01782396644502843,0.0,-0.009731561738940773,1
2011-10-12,0.00473555323387483,0.005632123122606948,0.02748250299503295,0.006857626763457819,2
2011-10-13,0.015395854680615044,-0.0027909348884696435,-0.049392555477414155,0.005023674860654599,3
2011-10-14,0.03268458715623404,0.04374635195349517,0.009135527074291147,0.0039291207770144,4
2011-10-17,-0.004774183215023259,-0.017913113176484273,-0.027016013721769552,-0.022715988034763414,0
2011-10-18,0.005342780009114065,0.00637589563407397,0.057283716750466736,0.033001416494162654,1
2011-10-19,-0.0575652483058132,-0.05196687157021377,-0.019042254498337817,-0.027545805772686015,2
2011-10-20,-0.008338277424888327,0.008943611378924276,0.026921189106665116,-0.008377241558109042,3
2011-10-21,-0.006191454677371358,0.004995871877258376,0.008715043649481032,0.02492453138421019,4
2011-10-24,0.03230800769747219,0.011981727912228353,0.033832144437640106,0.018381186978442265,0
2011-10-25,-0.019912978491628666,-0.04502006173627876,-0.03173945772629495,-0.010563470528163674,1
2011-10-26,0.007089437296516207,-0.1353253963812126,0.020393936454597028,-0.009603493807070623,2
2011-10-27,0.010158208904711983,0.04137019926536591,0.07981772798769363,0.027495592902872994,3
2011-10-28,0.0006421593899683276,0.04971553602535783,-0.008954685803849614,0.0378691061816918,4
2011-10-31,-0.0004198752113258889,-0.017687275714431506,-0.05403676687280535,-0.016880751798496324,0
2011-11-01,-0.020642308323434333,-0.0066258437122419,-0.06078614429194109,-0.01682456408329852,1
2011-11-02,0.0022671824953272974,0.016459793443294395,0.02803489841005271,-0.005903640807008456,2
2011-11-03,0.014141357142050568,0.012306863806683636,0.021759123670004606,0.12276306588121651,3
2011-11-04,-0.007045761128126792,-0.00832627810486908,-0.011997254604782221,-0.004631777748926474,4
2011-11-07,-0.00127483459391758,0.0023991911481055675,0.007916668987687942,-0.03271748447715024,0
2011-11-08,0.01612993089013916,0.00455179167869272,0.022525156698081184,0.018064237243454257,1
2011-11-09,-0.027324989302040182,-0.0315489483403298,-0.07344953191887747,-0.030614692852708552,2
2011-11-10,-0.02577993673320758,-0.0020378323850587716,0.006127552154479897,0.014467364171225466,3
2011-11-11,-0.0015586218921928006,0.03083059055690298,0.01635909113458408,0.07113974150800982,4
2011-11-14,-0.014034093827280235,0.007059037779742265,-0.022179242433592934,-0.01256367414824019,0
2011-11-15,0.0249207297629565,-0.0050370424982206785,0.0045973823949474225,0.021147324250224992,1
2011-11-16,-0.010496421469287427,-0.027175909814265115,-0.038340227408626755,0.02933257444388481,2
2011-11-17,-0.01931368459019967,-0.035873321878342364,-0.03163582868913065,-0.036728168879671286,3
2011-11-18,-0.006566010547536716,-0.03675158195643095,0.00425454787944731,-0.032591918850809996,4
2011-11-21,-0.015942166350081378,-0.040845319837933686,-0.023460601007446093,-0.026104654204342975,0
2011-11-22,0.02012070668868691,0.01619574840775534,-0.01685806247372268,0.009713570651185865,1
2011-11-23,-0.02561020230004736,-0.017570487923278363,-0.035649824700495075,-0.019521852454118395,2
2011-11-25,-0.009362545205764553,-0.03549204739630799,0.0035172632819894948,0.006655041172076614,4
2011-11-28,0.0339364607445702,0.06242903824146115,0.02359574553494272,0.028030456082660936,0
2011-11-29,-0.007794065475474448,-0.030116783898019115,-0.02079085453685585,-0.025191765807034507,1
2011-11-30,0.023829803110881377,0.020490334488349454,0.08101195302119212,0.03070483439086998,2
2011-12-01,0.014880692647599785,0.02485872237018748,-0.016604454907805342,-0.004285629831297426,3
2011-12-02,0.004552502521067401,-0.005595634859129865,0.059581181427214185,0.021245307262959045,4
2011-12-05,0.008457560899180655,0.001070686507571157,0.03584793712370407,0.033080528587706964,0
2011-12-06,-0.0052556667052550575,-0.02189517160027059,-0.008390425692877696,0.012989055691130316,1
2011-12-07,-0.00476853842463548,0.017195961758485125,0.0229075356119501,-0.019693886454713275,2
2011-12-08,0.004026641147980245,-0.025091998298363217,-0.053773437612046615,-0.10150072086442491,3
2011-12-09,0.007548513475647654,0.013298371351524844,0.029360211797369685,0.004844184356285787,4
2011-12-12,-0.00453251116274451,-0.01835104901597071,-0.03496263097484904,-0.020505223480911407,0
2011-12-13,-0.007762523773481192,-0.04870833127003832,-0.023686395942859886,-0.03207760195423772,1
2011-12-14,-0.022419822026744647,-0.0016633784178279897,0.007006492097715472,-0.03173760660243122,2
2011-12-15,-0.0032935861639213386,0.005809601871351387,0.007903007687683972,0.0031496309773769112,3
2011-12-16,0.005474464238150461,0.0,0.0040845885193763806,-0.021901064110652835,4
2011-12-19,0.003118195931180588,-0.010704718878389467,-0.038029928875068605,-0.00896885293908336,0
2011-12-20,0.035317932185912,0.01763208492473513,0.048014455834059555,0.005390843438307659,1
2011-12-21,0.0012616043730689197,-0.04579505787723273,0.0034089230472796844,-0.01189843931289195,2
2011-12-22,0.005283504287682082,0.02648864025444594,0.0343654648143572,0.007227876009787061,3
2011-12-23,0.011922347365421103,-0.009822943035726029,0.0035809894080465576,0.004670563303104873,4
2011-12-27,0.007902275653668122,-0.005713483397787355,-0.016216284062028116,0.02373070515182296,1
2011-12-28,-0.009615146375317522,-0.013594044427249466,-0.011571281139094152,-0.002102348552662105,2
2011-12-29,0.00614076228641473,-0.0001725526636819191,0.02330934225895347,0.007686662864402056,3
2011-12-30,-0.00029642948972398263,-0.004380927890694486,-0.005099359752169535,-0.005934555469970536,4
2012-01-03,0.015265600949945326,0.03368395141513947,0.050721593139583375,-0.01694959256193499,1
2012-01-04,0.005359967878323902,-0.008526468333701725,0.006314609530740866,-0.013264414195889479,2
2012-01-05,0.01104063524284858,0.0005632028267119116,0.020671706763076076,-0.02152170808848125,3
2012-01-06,0.01039965116289142,0.027762596388696395,-0.009008528106397962,-0.007773464447392079,4
2012-01-09,-0.001587734616342122,-0.02242798401524989,-0.0016984337013798458,0.012555701753258278,0
2012-01-10,0.0035742274991602974,0.0043587167635209525,0.02102368673769636,0.013486301172495878,1
2012-01-11,-0.0016313243742513966,-0.0024564899769712297,0.016779169084370375,0.02184524190600374,2
2012-01-12,-0.002749472739379615,-0.016740744329122623,0.005169155519709864,0.0007080374318354054,3
2012-01-13,-0.003756579901793801,0.014054056393518645,-0.025561182799554372,-0.21477163635965124,4
2012-01-17,0.011580887518925874,0.017996559771050847,-0.028520802584974407,0.15458937444735504,1
2012-01-18,0.010330706005227256,0.04193553634992424,0.045633980744773074,0.007863770686175053,2
2012-01-19,-0.0031744709316129755,0.026102680324318523,0.010617148675682041,-0.0018665150781779912,3
2012-01-20,-0.017570372468675908,-0.018268154604153212,0.011576172026605802,-0.005997255607997091,4
2012-01-23,0.016775233562470415,-0.025676502828605844,0.00799777141839311,0.006371051186389258,0
2012-01-24,-0.01651369037204046,0.004878270178795889,0.0,0.023990593728050517,1
2012-01-25,0.060567390152734525,0.004268945683268439,-0.0015938053544680073,0.01986007059287694,2
2012-01-26,-0.004555144003204043,0.028969281526630107,-0.002930418894840893,0.03409181662114991,3
2012-01-27,0.0059424376471689435,0.010548345324020932,-0.007496548109042418,0.013386175984792612,4
2012-01-30,0.012729314728736856,-0.016618905235471593,-0.005389251260257948,0.008149468729864932,0
2012-01-31,0.007630490729337715,0.011847319781410388,0.007805038454449463,-0.017053482541269642,1
2012-02-01,-0.0006354300410719119,-0.0801713504780668,0.00801117980969194,0.01739176286218884,2
2012-02-02,-0.002348140321028637,0.012514795337759146,-0.001331418313349845,0.02239783608585051,3
2012-02-03,0.009969305115931254,0.03227127661263135,0.019254216794151974,0.029318144822844942,4
2012-02-06,0.009289214524863816,-0.024487523517598857,-0.003663751695435086,0.020651796162392388,0
2012-02-07,0.010420451238223327,0.005717024808430516,-0.007104367150226247,-0.0063089371522689185,1
2012-02-08,0.016605169746972955,0.006979210125387847,0.011290449210878713,0.010388919238713943,2
2012-02-09,0.034008408913739005,-0.0026994102148703014,-0.01155447177159936,0.020152353669375636,3
2012-02-10,0.0005067709111654385,0.003022870872444512,-0.00662532994855197,-0.046490901099337636,4
2012-02-13,0.018434128585088895,0.03208715453560028,0.01817980172015127,0.012462228672274044,0
2012-02-14,0.013556625344747502,-0.001514860238872105,-0.009971012081604863,0.051975819557947146,1
2012-02-15,-0.023413878446028307,-0.03635595664612148,-0.013807915594273315,0.012880352535364617,2
2012-02-16,0.009080919178733382,-0.024918987869561236,0.01591584236225442,0.017114740946180134,3
2012-02-17,-0.0001789028502028505,0.014182284962038279,0.012292203274693547,0.022849562457707907,4
2012-02-21,0.02503699761082446,-0.001315943163754481,-0.00026019515801917995,-0.013531071325257675,1
2012-02-22,-0.0035223918515064094,-0.009260305714911687,-0.010192477910206265,-0.008149194251430136,2
2012-02-23,0.006508659308103539,-0.00940283575263765,0.010972496898266898,0.009018422233543927,3
2012-02-24,0.011590165198322403,0.0013407167985621737,-0.0054712721563285474,-0.022848113968838533,4
2012-02-27,0.006391989183023126,-0.0033551149679347447,0.020171388055958212,-0.0038594345734308216,0
2012-02-28,0.01818813168940398,0.029091474039574596,0.0038330390545810427,0.005635611127120727,1
2012-02-29,0.013044160280238212,-0.022615027965638676,0.0007651045929339092,-0.011901456249010718,2
2012-03-01,0.003736136372455991,0.0019458960260050413,0.02838977364119501,0.02949204310797258,3
2012-03-02,0.0013026681743251451,-0.00411863469032312,0.006420060352669864,-0.010811074260677725,4
2012-03-05,-0.022294233977447297,0.005339803861019123,-0.005677070603812401,-0.007963420899332562,0
2012-03-06,-0.005454128672277572,0.004593902472949484,-0.027096385414899775,-0.019737445192425897,1
2012-03-07,0.0008104432613116608,0.01469091574883143,0.015895467169535035,0.00030206408707691003,2
2012-03-08,0.021069497308814817,0.020840210493190132,0.01219073636655524,-0.0015105848339736227,3
2012-03-09,0.005850423866563504,-0.017851895747751197,0.014483924634145419,0.049265034592677816,4
2012-03-12,0.012450326625182754,-0.005058263477124637,-0.012014174861213,0.035905042347590614,0
2012-03-13,0.02874884269579423,0.006522058598752946,0.06793954894511557,0.0022189800669936794,1
2012-03-14,0.03711373160853413,-0.012702899722563096,0.004369336172437201,-0.022415957621419996,2
2012-03-15,-0.006842193338588473,0.011835800858045906,0.025375396887174703,-0.008251893767483304,3
2012-03-16,1.6974389129066264e-05,0.0033559827636161746,-0.0029129577544760115,0.009101570099839978,4
2012-03-19,0.026175686566151605,0.002536681934285139,0.009601705541092015,-0.00967301839847779,0
2012-03-20,0.008052808882445249,0.036049940938791686,0.008409125390940974,-0.0005717750385197222,1
2012-03-21,-0.00572610441136327,-0.003124486514579915,-0.005745569917503679,0.005419776616074017,2
2012-03-22,-0.005258983791689309,0.0034883764965100636,-0.010471812283648668,-0.021568036131386113,3
2012-03-23,-0.005504189999186189,0.013628124533011656,0.011358069223506519,-0.009345707696052686,4
2012-03-26,0.018170965883421215,0.039360761287049933,0.022118032752759954,0.09295987664629445,0
2012-03-27,0.012280448845865597,0.012588638798291023,-0.006082955645101499,0.01433526668972331,1
2012-03-28,0.005097245721346449,-0.02105347833558584,0.008246585528440709,-0.0023750014584786295,2
2012-03-29,-0.012643797795626098,0.0170051771869879,-0.013051886873130449,-0.01383344518731251,3
2012-03-30,-0.01705044474634741,-0.010316508887255136,0.006764899160058517,-0.002413857084840947,4
2012-04-02,0.031328346976065395,-0.02226970144100745,0.0032564963630533294,-0.017881770486786085,0
2012-04-03,0.017132283952904476,0.008096360561121164,-0.0089859959940039,0.03834744756735002,1
2012-04-04,-0.007992742490112031,-0.028809280042722454,-0.022488086906635223,-0.08250132613742732,2
2012-04-05,0.014896738840370106,0.002059787990963672,-0.0015775446357328003,-0.014968354437101043,3
2012-04-09,0.004016168994187411,-0.01304833430150027,-0.010200539149745776,-0.039336836920170315,0
2012-04-10,-0.012319639774601866,-0.02581641686984099,-0.021417227008594913,-0.02103415594130793,1
2012-04-11,-0.0035704121533576528,0.005280765896030008,0.02414768711081312,0.019222584618957178,2
2012-04-12,-0.005492834148588678,0.014366662938543141,0.018683628229076026,0.010521441983730817,3
2012-04-13,-0.02856866620686961,-0.011763267246045046,-0.03702854202023378,0.00447561196912223,4
2012-04-16,-0.04235665614543866,-0.015830977484824284,0.0027733698124353303,-0.0407101289247217,0
2012-04-17,0.0497150665463227,0.015459478516649056,0.013069445418272015,-0.0003103249619668507,1
2012-04-18,-0.002232897256242359,0.01412555198378372,-0.013993047665939682,0.012943225333313537,2
2012-04-19,-0.03495982050672768,0.0001570117659737718,-0.001618262935780079,0.015193445544628032,3
2012-04-20,-0.024923345153938757,-0.0058781222915200845,-0.011636249951815506,0.0,4
2012-04-23,-0.0022361747023567553,-0.009201048087970743,0.0030383153316301263,-0.037485438227880065,0
2012-04-24,-0.020178232043839683,0.01104174459960545,0.009984617705768119,-0.0037641842715268833,1
2012-04-25,0.08502234850074196,0.02126128094877732,-0.0027758713915042115,0.03368175454799779,2
2012-04-26,-0.0037777230276167116,0.008042946658302835,0.014719610644766236,0.017470456790431146,3
2012-04-27,-0.007764304344322687,0.1462252975553698,-0.01055769361085875,-0.004489004582947393,4
2012-04-30,-0.032050169385258766,0.02201728472348847,-0.008341810126582435,-0.006318632486204009,0
2012-05-01,-0.0031730166134406926,-0.00805307304847862,0.018671191995142094,0.019429567596006832,1
2012-05-02,0.006592096312179164,0.0009124643251255909,-0.013565044767224881,0.00472542803145553,2
2012-05-03,-0.007124285358591316,-0.0034805310272589675,-0.004407691499106018,-0.04458580296039661,3
2012-05-04,-0.0288931625755645,-0.024083712045660212,-0.02973330644788401,-0.01959934654492817,4
2012-05-07,0.007455558586916346,0.005209878307598674,0.0007181602255826588,0.019907458387447178,0
2012-05-08,-0.002285481016767537,-0.005611797457761876,-0.009619571605081262,-0.07280580992648429,1
2012-05-09,0.0017585946355474708,-0.004117399950412105,-0.018045618575384996,-0.004315521240654503,2
2012-05-10,0.0023512720682614756,0.016501376583760014,0.0024579556754597953,0.09209923906801873,3
2012-05-11,-0.0067005024572539445,0.0043576459492206876,-0.097374178757195,-0.021776510096310507,4
2012-05-14,-0.015094477455265532,-0.021083330944126216,-0.032167741980322094,-0.07032272897170831,0
2012-05-15,-0.009087589712522642,0.006527784671919538,0.012494757722284418,-0.021180790062692818,1
2012-05-16,-0.012899760891954246,-0.0014716933953642637,-0.02175783295471591,-0.008531194764865658,2
2012-05-17,-0.02966216719230088,-0.025768782081218213,-0.04410597678098123,-0.02112597212939384,3
2012-05-18,0.0004901371268423195,-0.020870251802648208,-0.013052676847299929,-0.035992156571353545,4
2012-05-21,0.05662566157697811,0.01972471508586604,-0.029699299961599146,0.04296792351472564,0
2012-05-22,-0.007708340412756354,-0.012827781408528062,0.045106578217382794,0.06818138048237622,1
2012-05-23,0.02410761842520684,0.009015094812242259,0.007323997321477581,0.0071176464675179706,2
2012-05-24,-0.009226650806302077,-0.009433181446076506,-0.008500195853336086,-0.02414461046300701,3
2012-05-25,-0.005374188267742552,-0.010978112817300979,-0.01393214521325388,-0.015643815294831984,4
2012-05-29,0.017593068040116747,0.008698999025762448,0.003872831075824951,0.0611576013130172,1
2012-05-30,0.011985133838375305,-0.026040437232411215,-0.020123888322035918,-0.041230023409546984,2
2012-05-31,-0.0024894687433253725,0.01743541700988411,0.0057483952474054615,-0.030380886354557376,3
2012-06-01,-0.029403813033230964,-0.022274321175586566,-0.03749724591517375,-0.046842917050209494,4
2012-06-04,0.005865474794955957,0.030040822361707704,-0.029558776123853426,-0.009637770447744755,0
2012-06-05,-0.002590631382140961,-0.006358504161970081,0.031436528173198565,0.001075447615171386,1
2012-06-06,0.015216972643272963,0.02056476338389401,0.03320272736023412,0.045868161351769354,2
2012-06-07,0.0004545767754548993,0.005315713378321493,-0.007892998531587836,-0.009974117306414848,3
2012-06-08,0.014930190565823773,-0.0014635745815747311,0.02617059529797075,0.03898104080068642,4
2012-06-11,-0.015892090668506102,-0.009103927787366845,-0.02586614379794481,-0.03243522610583498,0
2012-06-12,0.00869795733020795,-0.0003695565134847098,0.028535076216607495,0.018374062451260265,1
2012-06-13,-0.006966601430510754,-0.007839568227068319,0.015572461697632616,0.0037021718758953174,2
2012-06-14,-0.0011019520594951302,-0.001304808349879421,0.010152558109674454,-0.012847033344662692,3
2012-06-15,0.00453893950132453,0.01802264126995657,0.010906725037432374,0.017538570403568685,4
2012-06-18,0.02008874480770563,0.01954673987781918,-0.01177264606880621,0.0625307013711251,0
2012-06-19,0.002778370483275197,0.006133988129961175,0.021714603793485717,0.007820750884360933,1
2012-06-20,-0.002846354188314389,-0.004518510420216664,0.029795092645158693,0.05132464902720277,2
2012-06-21,-0.013873568491253948,-0.011046386738313511,-0.02612712711310732,-0.04821315023190063,3
2012-06-22,0.007639384201598438,0.007182756289290478,0.013426173524082843,0.048509223954620345,4
2012-06-25,-0.019656049852354505,-0.00945214896603832,-0.0187912677293232,-0.0203297862245436,0
2012-06-26,0.0022055092456265534,0.024862205230015172,0.01098144434139944,-0.046361898490064,1
2012-06-27,0.004308645516520328,4.4298945523270575e-05,0.02952301474208937,0.011011921941162526,2
2012-06-28,-0.009531838640476291,-0.019287723343762983,-0.02477378955654328,-0.017358902003521456,3
2012-06-29,0.025932016015332546,0.031315042531347925,-0.004189531228268214,-0.0038278206039660027,4
2012-07-02,0.014484128415814266,0.004238873901907135,0.015275916927839691,-0.028855710077067734,0
2012-07-03,0.011561628279973347,0.0009153279146398562,-0.002782972190260885,0.008515998440548728,1
2012-07-05,0.017414215083201158,-0.01081942917065013,-0.04270488477459816,0.01842034995416388,3
2012-07-06,-0.006678558849764126,-0.00889170973577669,-0.014060428367195456,-0.007714615126020742,4
2012-07-09,0.013134308104487874,0.0,0.001768484269206608,0.01600533471933223,0
2012-07-10,-0.009296021746690225,-0.024970295174678594,0.008503591379044023,-0.007010583407761316,1
2012-07-11,-0.006234532562387982,-0.00516140036632022,0.009877727226102789,0.007645798636229165,2
2012-07-12,-0.009190997837397052,-0.013879853042742954,-0.016028302128642945,0.037069994163987534,3
2012-07-13,0.010084615422556861,0.013971473552403066,0.0579249388631889,0.04631133784330156,4
2012-07-16,0.003201335885086024,-0.010957792278126079,-0.027544778068955566,0.04872058528230453,0
2012-07-17,4.944591963767313e-05,0.004250062293107569,-0.0028540512555167027,-0.07534946232088477,1
2012-07-18,-0.0011211647842231472,0.0024861406212323455,-0.0008580585309949428,-0.03664529366021236,2
2012-07-19,0.013206824527781609,0.0392260564759654,-0.01440497964099229,0.003725618978884363,3
2012-07-20,-0.01644470527544818,0.009329816752958875,-0.016384572112439936,-0.014986263422599408,4
2012-07-23,-0.0007778983604803832,-0.010037532627288724,0.015803762220840123,-0.03619280164072461,0
2012-07-24,-0.004831115823822742,-0.013228072771154675,0.008385173390537194,-0.027109204939788197,1
2012-07-25,-0.044144087368916986,-0.0272234276527592,0.012590132240309698,-0.03027944780430151,2
2012-07-26,-0.00015659416913215256,0.013545236666434167,0.01803313822055699,-0.028733757923882056,3
2012-07-27,0.01772394830267073,0.07573648128158633,0.029713507736000757,0.04789257985148098,4
2012-07-30,0.016726561585043678,-0.005196399587768268,-0.020540460582021382,-0.07601263901730035,0
2012-07-31,0.026092157659561088,-0.011887880833637897,-0.0038811638023300466,0.0025562867318181326,1
2012-08-01,-0.006487999603407882,-0.005199964061006558,0.0,-0.04360665744624044,2
2012-08-02,0.0016133970189416307,-0.0055303775495049255,-0.023325021572206422,-0.005730669228098182,3
2012-08-03,0.012930327309440253,0.01786300123416637,0.0258220950298604,0.04385185449130912,4
2012-08-06,0.01106408738627302,-0.004179448805791488,0.005801990101788926,0.036014194920133524,0
2012-08-07,-0.0026377569726140364,0.01092349477443641,0.01937022325718448,0.06769492559835008,1
2012-08-08,-0.00169213571296375,-0.009258163237520094,0.004044412365742419,-0.03910201376833732,2
2012-08-09,0.0056868969544991346,-0.0013662194980755093,-0.006479263181569003,0.010940648727755646,3
2012-08-10,0.0015610166780417032,-0.005612598846381218,0.0013534433157296535,0.01786047501354472,4
2012-08-13,0.013262460576351108,-0.0013327948802829938,0.000540924458732574,0.04026072203053106,0
2012-08-14,0.002678739955866989,0.003221477492622297,0.002969345448294842,-0.05778156303156204,1
2012-08-15,-0.0013624085740509778,0.01797716666783767,-0.0008091638070385042,-0.0006798699838821738,2
2012-08-16,0.008696843285761336,0.0172457703793794,0.0008091638070384942,0.03015300926562662,3
2012-08-17,0.018326760323559343,-0.0015744163765352042,-0.0032399947484967623,-0.009616829433316739,4
2012-08-20,0.025952597601287847,-0.0034059150591216367,0.010491089992378997,-0.016801874870331312,0
2012-08-21,-0.013760222629952273,-0.0037515739476454498,0.017769934934493543,-0.01364705214435833,1
2012-08-22,0.019337813482363055,0.015128245309684579,-0.005535501158742314,0.02844755864101071,2
2012-08-23,-0.009373341097461163,-0.00784635970632075,-0.015987686113671868,0.02571001114998158,3
2012-08-24,0.0008900257135026761,0.01864754257594954,-0.0016131027699343712,-0.0408490550615844,4
2012-08-27,0.018612769999326113,-0.007433731410718927,0.0016131027699343397,-0.040822186467396715,0
2012-08-28,-0.001302985767039625,0.008938282127785753,-0.00268985304751825,0.012980548234436642,1
2012-08-29,-0.0019731167217824233,0.004095451347938841,0.004568166169309772,-0.00980759905800893,2
2012-08-30,-0.014356928672537747,-0.0036486096038739193,-0.01078159553768054,0.0,3
2012-08-31,0.002061418334790435,0.008291415422314046,0.0064829854461856415,0.003864182720666709,4
2012-09-04,0.014519998322105248,-0.0015720877036050481,-0.0035064083431885352,-0.01341333018845623,1
2012-09-05,-0.00704696140660232,-0.006719327718709024,0.002698339192304226,-0.007132562854024213,2
2012-09-06,0.00897123167795751,0.02074032323652157,0.04169462459427601,0.02159722026827082,3
2012-09-07,0.006147407406941336,0.030402681204043523,0.015643243300339043,0.027635955234116615,4
2012-09-10,-0.0263565648812537,-0.007942235225280392,-0.013835816985531173,-0.06984499615377983,0
2012-09-11,-0.003249412370105588,-0.005538675557864947,0.0214407256585255,0.015588145790737818,1
2012-09-12,0.013830854624828711,-0.00015645257800968012,0.008048031837634818,0.017118794584956413,2
2012-09-13,0.019501152519187454,0.01787321285117467,0.036403428053545885,0.04155725657788076,3
2012-09-14,0.012079005589550792,0.003950097711233409,0.004098034942482362,0.030401728182124516,4
2012-09-17,0.012221283245683333,-0.012594830975696919,-0.009183267405301785,0.06835632119999167,0
2012-09-18,0.003039333456887603,0.002902789229258546,0.0016978187657534741,-0.0375748345639943,1
2012-09-19,0.00027067027478594387,0.011260010661330628,0.0019371745846231217,-0.009296328732295698,2
2012-09-20,-0.004854252705778654,-0.0033302063524322037,-0.0021794100455573484,-0.00484262000285356,3
2012-09-21,0.0019869413084453373,-0.012888950501210413,-0.009010148624239435,-0.02889249733865251,4
2012-09-24,-0.013373106393874876,-0.010424292654865762,0.008525100412730224,0.02109517079772124,0
2012-09-25,-0.025288357970038793,-0.009226073924005132,-0.01663055603164468,-0.10297151317559641,1
2012-09-26,-0.012489540880579419,-0.01111282380537999,-0.007674328347556671,-0.004347841809237617,2
2012-09-27,0.02397409399784584,0.027339487719357573,0.010875254419163514,0.033913498505018895,3
2012-09-28,-0.021091469372304127,-0.008886210318986391,-0.004928089637044318,0.02735172722402077,4
2012-10-01,-0.01162514376231899,-0.009124507662843732,0.012031531231104375,-0.004106790246155341,0
2012-10-02,0.002907611937216993,-0.005610756589733568,-0.001221088185871123,0.021710669841971467,1
2012-10-03,0.015216798059627277,0.021006837524020258,0.005891220311947645,-0.016921224204770807,2
2012-10-04,-0.006949393570514088,0.01762286671643012,0.023223438812906342,0.0034073380862796724,3
2012-10-05,-0.02154114492548674,-0.007553353964325751,-0.0026344452337954986,-0.017499179824391066,4
2012-10-08,-0.022344605721209315,0.002125328976229273,-0.0011991522159513607,0.012384084148066986,0
2012-10-09,-0.0036417972222147666,-0.0317661097680032,-0.006743900639602381,-0.03054753402798235,1
2012-10-10,0.007926298172332607,-0.0240761748279804,0.009381044093627139,0.001056882941589005,2
2012-10-11,-0.020189412575086586,-0.0031479211640868766,0.007869243192610302,-0.0028206721576511736,3
2012-10-12,0.0025598960322795778,-0.007645268047937509,-0.011467152494039266,-0.0243041039880435,4
2012-10-15,0.007987682900572559,0.007481401650390766,0.01809622713958531,-0.01127915630318098,0
2012-10-16,0.02340211866200897,-0.0009833717357823988,0.010561729275697347,0.026360227974137975,1
2012-10-17,-0.008003550519358306,0.014447942837810408,0.011375529944156063,0.026724151277152833,2
2012-10-18,-0.018743922263382982,-0.010724396271677985,-0.007181366579500465,-0.027437494594392358,3
2012-10-19,-0.03670516823897675,-0.02000687973390517,-0.01617317115597744,-0.010756638727857256,4
2012-10-22,0.038899958203894885,-0.0262584100664901,-0.005449537629710488,0.003957907883581119,0
2012-10-23,-0.03314432259821541,0.002264501232283743,-0.018221465282272375,0.01920400732302092,1
2012-10-24,0.005640932642050937,-0.02515252807092714,0.009151972351377671,-0.03476452924755386,2
2012-10-25,-0.011888241626061495,-0.024679531949476516,-0.0009593511885706987,0.0036405304940293065,3
2012-10-26,-0.009130644439167739,0.06646558946960786,-0.012314073417057323,-0.005100540154816386,4
2012-10-31,-0.014475053608116004,-0.022712323871886694,0.01255427655468198,0.027023782094788333,2
2012-11-01,0.0020471306954272035,-0.0032255519083767155,0.02745101243085786,0.03904317921317837,3
2012-11-02,-0.03365090480937321,0.0012054365656819011,-0.009852333758715578,-0.011346214690530886,4
2012-11-05,0.01346667864122028,0.008184297641075332,-0.003542745758305557,0.08545411697800169,0
2012-11-06,-0.003031977943881865,0.013689842602820388,0.014328305591134204,-0.011173060776351417,1
2012-11-07,-0.03901396806140373,-0.023424313025895514,-0.057597872432166734,0.012442344782828262,2
2012-11-08,-0.036965330618046556,-0.020505224843047527,-0.0019783483118181334,-0.007319426054053462,3
2012-11-09,0.01716459569381023,-0.004584943400449864,0.005431051140182344,-0.03212997279355738,4
2012-11-12,-0.007762464711300843,0.0007066938045409471,-0.0009853766505979551,0.024435143839080225,0
2012-11-13,0.0001289000107650109,0.0005738843386554067,-0.013396075035503734,0.01723081247222024,1
2012-11-14,-0.011150226044506838,-0.016238807364600615,-0.018908974906763253,-0.007302590936865593,2
2012-11-15,-0.021195767286660023,-0.010596451885425068,0.0025418905242274464,-0.018006760773269518,3
2012-11-16,0.003911295621990235,0.020771051544571227,0.0035477298121656645,0.032559562790459434,4
2012-11-19,0.06962684535685489,0.0196955388660681,0.026461746825869395,0.03335702070118294,0
2012-11-20,-0.008556505416880892,0.017562840254780773,0.0027066356527043057,0.0024270094706987434,1
2012-11-21,0.0014074360140638581,0.01801618171797666,0.0007369953180342035,-0.016190893346740357,2
2012-11-23,0.01729660677363267,0.007742139564583424,0.008799437990414443,-0.010526535365885423,4
2012-11-26,0.03106134521307252,0.01547077967101074,-0.005123256302390349,0.004347740220899892,0
2012-11-27,-0.008090193875058162,-0.0009034274066274265,-0.0031852202155471703,-0.003725618978884386,1
2012-11-28,-0.0031514584840781354,0.015127412706025044,0.0019609698338502782,0.03304064942460507,2
2012-11-29,0.01095301060301341,0.016694490851927302,0.009506679349516524,0.013748155252516416,3
2012-11-30,-0.006946364233152253,0.00309938712130603,-0.003402891925096241,0.0038514303403013755,4
2012-12-03,0.0015530550178772561,-0.006847392281647849,-0.006593920957907198,0.02337907707510119,0
2012-12-04,-0.017796734028348138,0.008591580506672459,-0.0058983262317254485,-0.021016577596203206,1
2012-12-05,-0.06652085294238347,0.005805104970515614,0.015409577748913302,-0.005620607096481869,2
2012-12-06,0.015561032653853196,-0.0023259039318711365,0.006532101174838584,0.005620607096481878,3
2012-12-07,-0.025896998447315685,-0.00039476666268151953,0.025944624717382365,0.007933107035336272,4
2012-12-10,-0.00645312930601116,-0.021955186368298095,-0.0058912897712134794,0.011638279631000217,0
2012-12-11,0.021603018910081512,0.011716212060317076,0.007769134238050359,0.02032983349469973,1
2012-12-12,-0.00442449240892546,0.004259150598746085,0.003044316191385367,-0.0005669116320803506,2
2012-12-13,-0.01742351270477029,-0.002027817020169935,0.00023332235495549647,-0.04792548145675127,3
2012-12-14,-0.038292938785418146,-0.008232776570312208,0.0007012387132203374,0.005932756633417434,4
2012-12-17,0.01757686623931733,0.01856723853456612,0.015529420545919171,0.017299848525518025,0
2012-12-18,0.028632007041688848,0.02543602415537417,0.008929662107031132,0.005508178069957799,1
2012-12-19,-0.014317953290319974,-0.009298129292679005,-0.007780486895351785,0.0005778894853931461,2
2012-12-20,-0.00874024656200851,0.013513452716990384,0.02271297713279253,-0.005214417631565127,3
2012-12-21,-0.004610574214732773,-0.01766953850238034,-0.01197358920461669,-0.012567469533019796,4
2012-12-24,0.0016162597402435534,0.0065950535726020075,-0.0018199983795878002,0.008201289275551457,0
2012-12-26,-0.013879597114812353,-0.03939390142544174,0.0009103509870520995,-0.020333695540616908,2
2012-12-27,0.004007445496592384,-0.0012879421913216365,-0.007534905291772413,0.0029728638239602846,3
2012-12-28,-0.0106773669097321,-0.01268532001789631,-0.008978749754388492,-0.014048788700106184,4
2012-12-31,0.043357068595494395,0.022942252063315467,0.016741284515294056,0.019377329568194743,0
2013-01-02,0.03118963351834085,0.025346746242038507,0.02241738938684855,0.04305145176462114,2
2013-01-03,-0.012702165425902318,0.004536686328927499,-0.0020174712348221746,-0.01682609322381007,3
2013-01-04,-0.02824983037705352,0.0025887749767322323,0.017569125957678268,-0.010698537358560408,4
2013-01-07,-0.005899973148604882,0.035294872104506665,0.001101901760183301,-0.0017456866282123164,0
2013-01-08,0.002687837909968323,-0.0077780729651711275,0.0019798309646403404,-0.01940673430779464,1
2013-01-09,-0.015752713646362597,-0.00011263714685478202,-0.0006591495811116649,-0.0011880556661983295,2
2013-01-10,0.012320039726713309,-0.0037992045158067585,0.014844073991377443,-0.003275569714600737,3
2013-01-11,-0.0061504237068791025,0.009751060757262054,-0.00021698628053325568,-0.018663830517649232,4
2013-01-14,-0.03630380424651663,0.017719222899856245,-0.005651124260682683,0.010578793221507335,0
2013-01-15,-0.032058019655510216,-0.0030479498174757935,0.010192465873066893,0.019059651381807832,1
2013-01-16,0.0406704572241672,-0.010983261640441905,0.010088698007072495,0.005882259458203881,2
2013-01-17,-0.006760611385963133,0.005747061170978341,-0.008148804778816675,0.008177754463011996,3
2013-01-18,-0.005345238111641508,0.006044970741043544,0.0004303038096675063,0.004063675814546382,4
2013-01-22,0.009494659375200153,-0.007117759652806907,0.0017206508067494457,0.019223232731628077,1
2013-01-23,0.01813938774696703,-0.00772800710477371,-0.006683122326376905,0.022757045558541782,2
2013-01-24,-0.13188431151141464,0.019758008638369587,0.0030236481202787816,0.02712866013707956,3
2013-01-25,-0.023856356858852987,0.03778364875148509,0.016893431281010143,-0.0002705536939395585,4
2013-01-28,0.02236792768253066,-0.028393246114923203,-0.01108796878296118,0.027998073552351517,0
2013-01-29,0.018588820497574588,-0.05851891232101578,0.010239150853016766,-0.0021056656547828695,1
2013-01-30,-0.003147172870449036,0.04656537977968899,0.0002127045530254464,-0.011395502346822562,2
2013-01-31,-0.0029373213719601967,-0.026977441581677877,-0.0016994385739687405,-0.00026625473127643405,3
2013-02-01,-0.0041142129824079205,-0.001884985959821617,0.01686023725989702,0.020842047435932345,4
2013-02-04,-0.025226165599689876,-0.01912515211319708,-0.003558882591101537,-0.014729230063186317,0
2013-02-05,0.034486422911668924,0.02623188374616175,0.02301335315030127,0.01028084280125878,1
2013-02-06,-0.0010709206955450605,-0.017652706892667982,-0.003696045677159266,0.02690958356692115,2
2013-02-07,0.029300468448441006,-0.007617967809151701,-0.00784822812124352,0.00788322377438158,3
2013-02-08,0.014334454880863214,0.006587751286707546,0.008259326715618886,-0.006097592333884738,4
2013-02-11,0.010367180030679431,-0.018260736244926655,0.000616722174259961,-0.021118606450012654,0
2013-02-12,-0.025385245790540887,0.0057762236732445,0.009816397196637969,-0.013890770095010819,1
2013-02-13,-0.0019041234997720547,0.04078796395257101,-0.009405385839343871,0.014671345286124442,2
2013-02-14,-0.0008998631241614548,-0.0008539183767494366,0.011032161068839998,-0.004692429956257484,3
2013-02-15,-0.013876326754358107,-0.015533746883196278,-0.006932090474954521,-0.03266790159300274,4
2013-02-19,-0.00036984671571905245,0.017426197954828675,0.011593474844306683,0.05871731990555487,1
2013-02-20,-0.024515841890352677,-0.012459114715553452,-0.017132377564121722,-0.01901900471776333,2
2013-02-21,-0.006235525397704801,-0.001765789299646144,-0.0074334404680355395,-0.09178744707231846,3
2013-02-22,0.01059247831012753,-0.0019572441542501685,0.013586023133228186,0.02666053817111362,4
2013-02-25,-0.017927579014339102,-0.02113198292599414,-0.025050774707389912,-0.049094630027176456,0
2013-02-26,0.013837915989669644,-0.001964397427503926,-0.0020985921266852723,0.0014530682337099664,1
2013-02-27,-0.009848708108997834,0.014887090238741645,0.03468573836960454,0.019273001470505594,2
2013-02-28,-0.007156053800409023,0.003867129526355725,-0.007332006331866626,-0.007721997914179563,3
2013-03-01,-0.025073855370747335,0.005547055247368278,-0.00020436520366267497,-0.005181395012707969,4
2013-03-04,-0.02450372805241611,0.027356309833933418,0.0038771434990153672,0.026485972527329968,0
2013-03-05,0.026059288860859224,0.009039579961338898,0.007911271138726257,0.02962958189966836,1
2013-03-06,-0.01279218826380004,-0.006552875975793251,0.010852359349342268,0.027981661043304986,2
2013-03-07,0.01149236150151144,0.00032869349231036296,0.011921422583413922,0.014225744127449745,3
2013-03-08,0.0026437075923174563,0.0011312474685721211,-0.008528990381801374,0.006258180995387023,4
2013-03-11,0.014144888549101469,-0.010817261482041911,0.005562308914229711,0.01624376943783952,0
2013-03-12,-0.021794462719146677,0.010598392254487573,-0.003970072664654968,0.0005112496287386591,1
2013-03-13,-0.00018665548204803165,0.0035322259283076833,-0.0023898479416485205,-0.003585074209640354,2
2013-03-14,0.009641598448596477,-0.03461631148111507,0.016608199459093205,-0.05619305380832888,3
2013-03-15,0.02547608818671862,-0.01486115032285162,-0.019402850553384036,-0.043255913489199674,4
2013-03-18,0.02682037037385946,-0.015124094188523403,-0.010247969894604438,-0.003975340488566919,0
2013-03-19,-0.0027027393985608354,-0.0057553652523780795,-0.00628117448005476,-0.0019932044572165803,1
2013-03-20,-0.005317000600518836,0.003387255894394084,-0.0016275480328209766,0.024497950692455743,2
2013-03-21,0.0014369479142046747,-0.01523517939024263,-0.015800036945620294,0.0016675718077539543,3
2013-03-22,0.02007397211280629,0.01706027658731737,0.008854227747335686,0.01679762886874991,4
2013-03-25,0.003609016679697383,-0.006734569681111177,-0.005344462820662428,0.024546225060202712,0
2013-03-26,-0.005277349844016603,0.01661769533313782,0.002470414040690498,0.00875446731975736,1
2013-03-27,-0.01984258686269178,0.01898805327643832,-0.01804856445086263,0.007892693521283096,2
2013-03-28,-0.021057160668602953,0.004475438722597842,-0.006510711693201852,-0.007100577250571079,3
2013-04-01,-0.03155464026101673,-0.018481907426189808,0.0077660742849740665,0.14791036109671532,0
2013-04-02,0.0020492784392695386,0.006515232092620059,0.009364588480877203,0.00928963932648684,1
2013-04-03,0.005105988168329576,-0.016426170019588543,-0.023833466745635926,-0.07587910953199802,2
2013-04-04,-0.00993360150121232,0.00019305043528324448,0.013568370235547102,0.021899696178275894,3
2013-04-05,-0.010624037571005732,-0.013992788997167417,0.00880463874038291,-0.015351878032460664,4
2013-04-08,0.007087066404424498,0.013490868714485859,0.013887839977242756,0.011057948795987212,0
2013-04-09,0.0018053059069441833,0.008421663702911121,0.002056408871043502,-0.032311900151425786,1
2013-04-10,0.020193613524948698,0.013804823256586909,0.011640978545962598,0.03302886512909892,2
2013-04-11,-0.00312637285941656,0.019004774175746614,0.0012175488785313912,0.04049687456160454,3
2013-04-12,-0.010484368575101714,0.01112924365668766,-0.006102512791838943,0.0036639903311358815,4
2013-04-15,-0.023422681548149304,-0.019053881045114716,-0.022283045858700893,-0.010338966751311076,0
2013-04-16,0.015104845714607549,0.01710962394808289,0.011616320902916668,0.051535564084283086,1
2013-04-17,-0.05656220981788396,-0.018305602134173975,-0.03568783737955719,-0.0030755079467721137,2
2013-04-18,-0.027050654979959083,-0.03029730795876459,-0.0032110626447477667,0.03289621840319049,3
2013-04-19,-0.0038845600391733317,0.003463279494992381,0.012570124264011981,0.018144151130430667,4
2013-04-22,0.020629094614904493,0.01233145828753592,0.0025375705568123014,0.04816260984116886,0
2013-04-23,0.018539487992966477,0.020096454644655336,0.017170320354724957,0.01620598532315274,1
2013-04-24,-0.0016512012015436194,-0.00044632980681967344,0.011352776526666742,-0.0114355431944305,2
2013-04-25,0.007175777724556775,0.021786357335119685,0.0057307881233285545,0.03065756384127938,3
2013-04-26,0.021367574754082453,-0.07516136337835437,-0.0024521264231886866,-0.015504379964503566,4
2013-04-29,0.03049856851721051,-0.020097790769472653,0.0008179333323370227,0.07050236495837457,0
2013-04-30,0.029008895515594775,0.016165562090550912,0.0018382382453962878,-0.01744301660057886,1
2013-05-01,-0.007913274834551483,-0.02223024215966731,-0.02061546382039044,-0.013237725799627547,2
2013-05-02,0.01408252792975628,0.01725348179558664,0.0014571936830762402,0.01545786484789361,3
2013-05-03,0.009961073826239113,0.021544160737287873,-0.010663613710908156,0.008098903591576135,4
2013-05-06,0.023565463673006853,-0.009070260831367118,0.012741273983981246,0.0868585731120817,0
2013-05-07,-0.004459690490371054,0.00782943755461778,0.019729195219388727,-0.06941313171506462,1
2013-05-08,0.011230743491701134,0.003679224613920798,0.012537999242146514,0.005031285380053775,2
2013-05-09,-0.008762616274328713,0.005705077340573752,-0.014574368352127925,0.21829241013013823,3
2013-05-10,-0.008354278926099235,0.013249782846477586,-0.0016329689535824114,0.10079664889829446,4
2013-05-13,0.0038998749287760186,0.0033324278980397387,0.014397373603604055,0.13437784970843222,0
2013-05-14,-0.02421632942737743,0.014338507293712395,0.011211442944904058,-0.05333348439649108,1
2013-05-15,-0.034401947733527456,-0.006618209006558179,0.016976409382555145,0.019039195300193993,2
2013-05-16,0.013272683685929673,-0.009195793961970818,-0.002351378261886461,0.08373514445080313,3
2013-05-17,-0.003042101221066827,0.021647941375303893,0.025758739334144867,-0.008163341780065593,4
2013-05-20,0.022073649143781494,-0.008446063705273284,-0.00019100161397097809,-0.017196206479053254,0
2013-05-21,-0.007409875099630931,0.004585338269398292,0.013864014684446141,-0.026475961247062963,1
2013-05-22,0.003836602553069815,-0.022188874740254917,0.011439043131605852,-0.004003850211514047,2
2013-05-23,0.0017884791917339995,-0.004421046234954667,-0.005234437037453093,0.06102913201903386,3
2013-05-24,0.006784531251530109,-0.0002292286669446575,0.0057942303867245,0.04584332899082307,4
2013-05-28,-0.008368951463575943,0.020982578256073952,0.017365801929674574,0.12794040953224595,1
2013-05-29,0.007919475805724916,-0.006606405036446346,0.0012813296018009007,-0.053045508994681946,2
2013-05-30,0.014790870412036005,0.004883962971550392,0.017227298651568072,0.0030537805397507943,3
2013-05-31,-0.004105148293821823,0.008842827947810024,-0.01869148429304045,-0.07096863180877032,4
2013-06-03,0.002198825717878406,-0.00865549172573931,-0.0018337724641143275,-0.05433424623045171,0
2013-06-04,-0.0031331718929187694,-0.004431267598892252,-0.008292546352864387,0.02401013043759963,1
2013-06-05,-0.009391863337473855,0.00551728322013946,-0.018866887733255507,0.005572699196271041,2
2013-06-06,-0.01505265860186999,0.0024673617037049046,0.008823491800272915,0.020548664159700483,3
2013-06-07,0.00761130287532838,0.033195605661824695,0.014290145125150432,0.04705226644402661,4
2013-06-10,-0.006631178015449239,0.015055669251787106,0.0016570732262830375,-0.019694890527272947,0
2013-06-11,-0.0029435463113937936,-0.022632960298703715,-0.016133834462640814,-0.05738777109796435,1
2013-06-12,-0.012440178266055268,-0.01138271312266039,-0.005812091059548565,0.033926248780119836,2
2013-06-13,0.00868538830604844,0.015051635999185553,0.018444555474396666,0.004593913593257561,3
2013-06-14,-0.013649042521126423,-0.006548108197605763,-0.01938543348923287,0.021363275912987825,4
2013-06-17,0.004524160378727313,0.01474529346354327,0.013460741591862316,0.0187658942552664,0
2013-06-18,-0.0005323572517212825,0.01321875690719595,0.004816339137386615,0.011576633455572242,1
2013-06-19,-0.020521012008899983,-0.012859178717406966,-0.010403322948104051,0.01239982687547746,2
2013-06-20,-0.014669681626750216,-0.017114272806039152,-0.020183639302041468,-0.03925893647193869,3
2013-06-21,-0.008044951484473012,-0.00029259035034523645,-0.00995770829152455,-0.010989110974938845,4
2013-06-24,-0.026863084616357624,-0.01011092357699874,-0.020218444492615603,0.01930019421936079,0
2013-06-25,0.00022373068372933712,0.005454180042599709,0.02252559267201205,0.008926495804479042,1
2013-06-26,-0.01139010792979042,0.019940272068775116,0.008032070460322277,0.031907332890216085,2
2013-06-27,-0.01083545798144681,-7.20856300632063e-05,0.012304401734927748,0.032844694431412046,3
2013-06-28,0.0069590650143218575,0.0005042842626657888,-0.006795805419963614,-0.017451151855140838,4
2013-07-01,0.03150115465536685,0.015756234392311146,-0.005699281837195603,0.08752357594979822,0
2013-07-02,0.022400105339857583,0.005761467673002256,0.013154197297577384,0.005446914069103484,1
2013-07-03,0.005504502938936945,0.0010568088604169046,-0.0005681479475118075,-0.022141177523888514,2
2013-07-05,-0.008064425108160515,0.006492257313242818,0.02285597573010705,0.04122448257259886,4
2013-07-08,-0.005694061183018985,0.016341220106290986,0.013064716743741156,0.01257777713172571,0
2013-07-09,0.017435639213109113,0.003229572752903339,0.003467749187336378,0.01501697568422248,1
2013-07-10,-0.0038437048174056205,0.0027403820850781216,-0.0010935124214393032,-0.009604504667795992,2
2013-07-11,0.015471935745145587,0.024765191030825195,0.00563753781504179,0.026950164909807735,3
2013-07-12,-0.0018270747176544816,0.02598916299096117,-0.0030878339145034767,0.033583085644851594,4
2013-07-15,0.0021780219851357647,-0.0031915475130483415,-0.0014561914790989095,-0.020532643971807745,0
2013-07-16,0.0064365155873624125,0.0009781132337143296,0.0021838340221256437,-0.15442577206084723,1
2013-07-17,0.00025566158808687425,0.005913306179670692,0.0047152134818916345,0.0977665062002159,2
2013-07-18,0.0033639695442145836,-0.014948065285195457,0.019706785468715307,-0.010197504390279215,3
2013-07-19,-0.015898510129163122,0.003676159292773985,-0.003732393604400414,0.005446036894914779,4
2013-07-22,0.003195290630685187,-0.005749917882941064,0.007097011451323868,0.02271787290183905,0
2013-07-23,-0.017319618163471016,-0.008006086055993981,0.001943417400968013,0.0025289090051883387,1
2013-07-24,0.050085990104505915,-0.007066756093342382,-0.0007063205853896858,-0.008509382736153353,2
2013-07-25,-0.004573257289962511,0.014809217701387992,-0.002298305281050982,0.019286922916051285,3
2013-07-26,0.005662622137422376,0.02798317348087875,-0.00799659964201541,0.04198529538867509,4
2013-07-29,0.015301935859588993,-0.019123379533595435,-0.006443353113624875,0.03962484044376686,0
2013-07-30,0.012273876535118829,-0.01212817908251155,-0.006485527009030994,-0.021625647260585263,1
2013-07-31,-0.0017441258968716505,-0.0039428006363923475,0.0072032842334454755,0.019096795224891938,2
2013-08-01,0.009128766319486595,0.014337972795816728,0.01443014074869948,0.009413463845989272,3
2013-08-02,0.012750352785006346,-0.004460622122421065,-0.0008847962528335957,0.017913065966589675,4
2013-08-05,0.014828397655640412,-0.010641164315686208,-0.006927818250070127,0.04727073817644731,0
2013-08-06,-0.008986657261312727,-0.0007976923071020597,-0.01093288074172047,-0.0176414866810145,1
2013-08-07,-0.0005806218449230936,-0.012850318159893495,-0.003430091714707049,-0.057328179936113395,2
2013-08-08,-0.0019934683623839505,-0.003948392239609037,-0.008535113033765099,0.13401556369374457,3
2013-08-09,-0.014332050054879543,0.005126501251107817,-0.005670090121434839,-0.0031323969852793433,4
2013-08-12,0.028011686611335466,-0.0019193273373704458,-0.007918422430359964,-0.0374236877569689,0
2013-08-13,0.046427666362502125,-0.009210144221576238,0.003690739876803881,-0.013319426896944903,1
2013-08-14,0.018076223667278818,-0.008986702783541713,-0.0025825722377604346,-0.04263428424164275,2
2013-08-15,-0.0011845313806464542,-0.01685720047282765,-0.016008869924107147,0.0022219257859984534,3
2013-08-16,0.008837975788578183,-0.0057763821457983075,0.0,0.016544681746008767,4
2013-08-19,0.01071253421846783,0.0026297410331214102,-0.027779402520396134,0.020216722201398862,0
2013-08-20,-0.013223561728057621,0.0053085875488300864,0.005579456151296909,0.031787545474039655,1
2013-08-21,0.0025712863023110866,-0.00881644796097204,-0.009445707879118987,-0.011565514097512442,2
2013-08-22,0.0011932024511201666,0.017970145335447177,0.011170821493085488,0.060616682782456424,3
2013-08-23,-0.003863985097331975,0.0009659461337307921,0.002104962582858861,0.029725646112549436,4
2013-08-26,0.00388425193894705,-0.013189568960891412,-0.009988626746598313,0.01459879429706705,0
2013-08-27,-0.029006783659294825,-0.01862027459698588,-0.023438794358866994,0.016846687003756907,1
2013-08-28,0.004716984805040823,0.0023110899866578324,-0.00039477510787832096,-0.003358654933069743,2
2013-08-29,0.0016278067125395025,0.008487205768098971,0.002369595448515137,-0.002345797122742661,3
2013-08-30,-0.009152694641826624,-0.01062036118227536,-0.0033589137355681466,0.017549553949214536,4
2013-09-03,0.0027874836965170176,0.027450900741406745,0.011804246394395274,-0.000355151535970555,1
2013-09-04,0.020481453571915893,0.016620160195735267,0.01436871998106781,0.009895280064945338,2
2013-09-05,-0.006881903944922947,0.0015653022165719257,0.00461675746044166,-0.004052316183617282,3
2013-09-06,0.005939018727946041,0.005966544049003132,0.008598418375643426,-0.017572432181777415,4
2013-09-09,0.015830665237657332,0.012928978446553602,0.005691613176475863,-0.03827490340706454,0
2013-09-10,-0.02304236915629542,0.0021663689957090995,0.01520708402507115,0.03467497496296742,1
2013-09-11,-0.055981480767729325,-0.0023999543583138063,-0.007668578467162313,-0.017278965558512976,2
2013-09-12,0.010591354954916315,-0.0026065519132503056,-0.019337058100687515,0.00858582232990233,3
2013-09-13,-0.01661747171106501,-0.0031502376487780033,0.0066778665795148824,0.003691794783350585,4
2013-09-16,-0.032308521152693226,-0.006262821048913529,0.010403621085004887,0.006262793778422018,0
2013-09-17,0.011486577614115284,0.027024582719098245,-0.0009412320373280901,-0.0021033224668529056,1
2013-09-18,0.020348051282833696,0.02551255905742245,0.006009355782095872,-6.015506324789147e-05,2
2013-09-19,0.016265461386918798,9.614829509685138e-05,-0.012434292026371745,0.06802177745102606,3
2013-09-20,-0.010407370695719054,0.013622152170123327,0.0009472959891342936,0.03028104500995909,4
2013-09-23,0.04850356656669392,-0.01545036876341904,-0.025706398819952462,-0.01251040780497927,0
2013-09-24,-0.003143240258072347,0.008439675995731834,-0.02240197716494717,0.006713557691755747,1
2013-09-25,-0.015598490805942394,-0.004722581876286291,0.02705543142152513,0.01583407032356162,2
2013-09-26,0.009692609699256257,0.017344344231299522,0.0036677754516805986,0.01818821458521117,3
2013-09-27,-0.00716248213047044,-0.006654825378340671,0.006722553739643709,0.011909334905901684,4
2013-09-30,-0.01250663819167922,-0.010721486442218667,-0.01058422369371529,0.012855608538656584,0
2013-10-01,0.023241532953046283,0.026233018889677946,0.0052097184111539775,-0.0019151984326633063,1
2013-10-02,0.003273421625854615,-0.001371949612563588,0.009839169039243215,-0.0644695130763439,2
2013-10-03,-0.012642133177206227,-0.018102997845028192,-0.002883716849482554,-0.043138795834117664,3
2013-10-04,-0.0007860921853547635,0.013506027395252761,0.013956766271807062,0.04330464078606832,4
2013-10-07,0.009724020396310583,-0.02864739037217301,-0.016077029361356424,0.011482097498202322,0
2013-10-08,-0.01406034736807968,-0.02217748340240622,-0.018695536194590922,-0.04662664539234649,1
2013-10-09,0.011679279309033487,-0.016626592597698706,-0.002361894212638274,-0.03464590392207252,2
2013-10-10,0.00624860621755574,0.02300400552259496,0.03428254364445974,0.024290877433250018,3
2013-10-11,0.0064532056262968035,0.01857016956166753,-0.0001905862174221875,0.03282143279747155,4
2013-10-14,0.006532823548149442,-0.0006113678646902032,0.0038017089959850475,0.005691648852124059,0
2013-10-15,0.005308340532328246,-0.013936388630454913,-0.0076174172919694985,0.023209582448228756,1
2013-10-16,0.004860886515448409,0.01326026990920579,0.03179619650922444,-0.0020680337607970633,2
2013-10-17,0.006741665381403663,0.0009013900805812849,0.0038813528731208805,-0.0041488639492924285,3
2013-10-18,0.0086643417686182,0.05679193155085493,0.0016588923198975777,0.0032768974741072426,4
2013-10-21,0.02420921841756068,-0.007598814035558018,-0.0005526256946040103,-0.060692800605133296,0
2013-10-22,-0.0028617390356499295,0.01851400679951153,-0.012049397967834148,-0.006160355315946997,1
2013-10-23,0.009742932490942664,-0.017534285936897386,-0.01635877374702023,-0.04190584763619934,2
2013-10-24,0.013152332200342603,0.016541402969775063,-0.005130898252032911,0.05124763002941889,3
2013-10-25,-0.011249204095631841,0.08970933772845563,0.005510300699754202,-0.020361779407382357,4
2013-10-28,0.007425183983708877,-0.01449679025150475,-0.0017070309245828706,-0.04090554498744465,0
2013-10-29,-0.025226556330192884,0.0125961921490867,0.0009486878022825736,0.00983732014212902,1
2013-10-30,0.015784092406605287,-0.004476471150104848,-0.002468240127701187,-0.03244132306525063,2
2013-10-31,-0.004200676807865146,0.008136690709960433,-0.020358317088809197,0.0045118826109646955,3
2013-11-01,-0.005120862874182446,-0.013913847477843608,0.01864556189428924,0.013846307487505096,4
2013-11-04,0.012839849433421521,-0.0007245235586183747,-0.008990589544030812,0.07728309523569009,0
2013-11-05,-0.002471245700210353,0.0004180257170074062,-0.0017313043037226875,0.009147437313759407,1
2013-11-06,-0.0028373038082324825,-0.007579711245596085,0.002883162960847898,-0.15673675185419386,2
2013-11-07,-0.01631519600486227,-0.036074482319715294,-0.008674650318083366,-0.0783406927874904,3
2013-11-08,0.015624049163427781,0.019456686643551612,0.04375270737146274,-0.013106891108583688,4
2013-11-11,-0.0029052669754512017,0.01155134975103847,0.0025915198317505786,0.04777131294405201,0
2013-11-12,0.001848457856574337,-0.013780406399571862,-0.0024058572263392338,-0.04885917612563874,1
2013-11-13,0.0011914794359674113,0.018959194192792742,0.0031445117352341943,0.006509910436590075,2
2013-11-14,0.014359475333935461,0.030902654693264076,0.004791083405176445,-0.007962445969614821,3
2013-11-15,-0.006020259705051799,0.00480601912984491,0.008602620180998171,-0.01574836851942719,4
2013-11-18,-0.012188483444114492,-0.008132220978004097,0.01573118649105711,-0.10803005726675112,0
2013-11-19,0.0017731178684202633,-0.0033920743254766627,0.0073287074045852085,0.03642347232911233,1
2013-11-20,-0.00879664708723869,-0.006515384033153015,-0.0008909740316016846,-0.040296686077327004,2
2013-11-21,0.011851747548916807,0.01736221378430155,0.01976773980662273,0.008141155349059485,3
2013-11-22,-0.002574621581086969,0.009147041483999913,0.004186022870548812,-0.005914301943359735,4
2013-11-25,0.007550804908473116,0.011563049436787497,0.0033009904401038086,-0.00445879513751007,0
2013-11-26,0.01827641355032185,0.012480196738093181,-0.00836103973210369,-0.0028176365968004403,1
2013-11-27,0.023274205391065797,0.013905035506630687,0.005407616326283502,0.05206493862280635,2
2013-11-29,0.018348488290551322,0.017710869281356467,-0.004533589904832293,0.002674768677985447,4
2013-12-02,-0.008741307009094328,-0.003359122943609722,-0.004203058752310362,-0.024737817234624784,0
2013-12-03,0.02700702746102281,-0.019667024633316335,-0.0021084535179032335,0.15301103945550032,1
2013-12-04,-0.0023337581674694866,0.0033739376339479515,0.005787001915954145,-0.04054846432207193,2
2013-12-05,0.005119221880028388,-0.0038159396124965873,-0.0242465681801234,0.010950897136886533,3
2013-12-06,-0.013972778069475758,0.006377662894842839,0.004290405346104168,-0.022459830920047424,4
2013-12-09,0.011381367308963702,-0.005337939882130887,0.007994877084312327,0.030400915776032086,0
2013-12-10,-0.001555113014447047,0.0074806274072929755,0.0033566739211794054,0.004158011406234101,1
2013-12-11,-0.007436537690966011,-0.014520251890375866,-0.011173507374076542,-0.018024810752135134,2
2013-12-12,-0.0014612362394008428,-0.0024625855429347733,0.004271411995907929,0.05448541021007484,3
2013-12-13,-0.010960360522227834,0.0078120238753222005,-0.0024893997122081113,0.001219851474432818,4
2013-12-16,0.005522381139370432,0.012234851548861331,0.004440762303672432,0.001962229300530799,0
2013-12-17,-0.004512720755810386,-0.0033993484257500988,-0.012484323609411005,0.030095394575802684,1
2013-12-18,-0.007632932453292825,0.02121035808747454,0.02691394739086725,-0.029825167510429598,2
2013-12-19,-0.011523101619900156,-0.0019465256142438374,-0.00017496213732833989,-0.05030495318631501,3
2013-12-20,0.00834021199721711,0.01758282029591539,0.008179327969545272,0.01774936796879827,4
2013-12-23,0.037659722828531444,0.0017885188408174432,0.009315006521912113,0.002161904382585577,0
2013-12-24,-0.004254056898115989,-0.009275527960813797,0.00017147119677824956,0.05330800073698156,1
2013-12-26,-0.006662744141145784,0.012917239903541397,-0.0008588393104580702,0.02665436846993875,3
2013-12-27,-0.006779588138794834,-0.015726782093232333,-0.0010312521162821977,-0.02857148989568364,4
2013-12-30,-0.009994842294823081,-0.011902265821576153,-0.00327330853255222,0.008696881824111947,0
2013-12-31,0.011654054866752665,0.013684312548159876,0.009103969046783997,-0.013273197999344366,1
2014-01-02,-0.014163719098142976,-0.0020583553089593668,0.0018920159873849437,-0.0021961521582764226,3
2014-01-03,-0.02221062364767596,-0.0038519168555408954,0.007700642687449745,-0.003604113611816534,4
2014-01-06,0.00543766027005526,-0.007113375515583103,0.005779419937841534,-0.017265065802709954,0
2014-01-07,-0.007176641978933168,0.01111605917106511,-0.0115923451378376,0.015926820457572245,1
2014-01-08,0.00631264104588742,0.009725682651672687,0.009386400850241181,0.012772951757781427,2
2014-01-09,-0.012852305555449228,-0.00226668921924171,-0.0018703350507487243,-0.02510088058726987,3
2014-01-10,-0.006695184199225095,-0.008389068361873763,-0.004605289014771642,-0.01234445845105059,4
2014-01-13,0.005221328660969435,-0.016940942813231635,-0.013598586290369245,-0.04477004872146161,0
2014-01-14,0.019702656715642884,0.01663920179405781,0.0006931239162218755,0.1461629793068161,1
2014-01-15,0.01987842077863451,-0.00420967863582884,0.029857505561758313,0.017578862300124946,2
2014-01-16,-0.005595467076089387,-0.00017684058204954012,-0.008439831567553154,0.04082924946078827,3
2014-01-17,-0.02480654608589772,0.009579955398884225,-0.015030497956778882,-0.0056308552259701624,4
2014-01-21,0.015417019654515836,0.018447038174050297,0.0010319937133167639,0.03848302668978481,1
2014-01-22,0.004434040027893921,-0.00618548933430107,-0.01002068164962043,0.01058444967802887,2
2014-01-23,0.008431993546021286,-0.011611101596180574,-0.019639482449747357,0.01633098232470702,3
2014-01-24,-0.0183450443644176,-0.0311656453605233,-0.024741163978326562,-0.03875801233074537,4
2014-01-27,0.008079841451569338,-0.0034113842758354573,0.0,-0.028937066376220014,0
2014-01-28,-0.08330241566741191,0.020879252424284588,0.011729797599147359,0.05035551639417693,1
2014-01-29,-0.011417636403523659,-0.02627850218540081,-0.0037745176522231004,-0.017816712483327782,2
2014-01-30,-0.0019389139089886986,0.04779814029767067,0.008428067890967221,0.04251201256750143,3
2014-01-31,0.0016391695200456198,-0.1165028517372753,-0.011494526831833237,-0.007851771404626026,4
2014-02-03,0.0018558998399108159,-0.035586235622344226,-0.01914858603722631,-0.02398867199123988,0
2014-02-04,0.014372194541579732,0.005186483053169864,0.011714973642427837,0.00910526234753232,1
2014-02-05,0.007440964563575092,-0.00432021738041316,0.00472048807692539,-0.02441003584736986,2
2014-02-06,0.005812053829982209,0.02322366083873704,0.022742661961803246,0.022449916811529916,3
2014-02-07,0.013892878593933391,0.018137405634645123,0.002475472544359255,0.04467595459365861,4
2014-02-10,0.017755838053274468,-0.0005817551913204396,0.002117433234224279,0.05237565768734982,0
2014-02-11,0.013090601353773258,0.0025461240493623474,0.012086851577744485,0.00030518160616122974,1
2014-02-12,-7.45022036199064e-05,-0.035275980325803764,0.0015662696158162996,-0.006633723118316568,2
2014-02-13,0.015754179438162437,0.022507906884573076,0.008827511020002326,0.021826498288108655,3
2014-02-14,-0.0008086461885694244,0.000419827569362029,0.0020656731280923515,-0.007037745637380403,4
2014-02-18,0.003670111153439674,-0.010407939802686025,0.005830050930871518,0.02722037127652771,1
2014-02-19,-0.01591369307492142,-0.01788851918661287,-0.021253348713273928,-0.05064756062013293,2
2014-02-20,-0.011642516078912646,0.0069422977414354305,0.005572595336748894,0.08096391673069925,3
2014-02-21,-0.011170279544584445,-0.008728689340968475,0.0005209713105623696,-0.001763719458339394,4
2014-02-24,0.004369200298365354,0.01437315995295193,0.007264058006998816,0.037687329505505685,0
2014-02-25,-0.010460802218379158,0.018420442229440108,-0.017383010413107938,0.1305404316289121,1
2014-02-26,-0.009063005781805921,0.004121846454221649,-0.004921829483245197,0.019960780865153502,2
2014-02-27,0.019751888017214853,0.0009167821411067436,-0.0010576435306410203,-0.0018198179726585445,3
2014-02-28,-0.002714447949372762,0.005455300552955511,0.0022905832454518994,-0.031087242042567197,4
2014-03-03,0.0028844584956581377,-0.006427640140422914,-0.01079327948992561,0.023216004869131498,0
2014-03-04,0.00657246189945107,0.011386336498260064,0.018507555017157867,0.016937389366238998,1
2014-03-05,0.0021057572918125734,0.023008882660289484,0.01559510076600324,-0.00859112723769916,2
2014-03-06,-0.003028869412141857,-0.0005641118357561163,0.01264334053013295,0.0011076279364843988,3
2014-03-07,-0.0005841320205161839,-0.0002686926305247979,0.008453120895768818,-0.02696752783463923,4
2014-03-10,0.0009047344188970448,-0.004120715035079746,-0.0033725713700799983,-0.030390939018960398,0
2014-03-11,0.009690083059769268,-0.004625731685000152,-0.01720784008135033,-0.01872218675785571,1
2014-03-12,0.0009696157772545785,0.0049224995577277185,-0.004650960148101241,0.0297563542530863,2
2014-03-13,-0.011168280411927656,0.0023445891049791363,-0.008670241485057293,-0.015440088727904675,3
2014-03-14,-0.011294887867273402,0.00598457520968956,-0.010856244916637161,-0.02910012650090298,4
2014-03-17,0.003898913361243247,0.0034723468835711887,0.013638891146070035,0.012947855671868931,0
2014-03-18,0.008808357451902421,0.009896401629179109,0.008301961641510579,0.02556989177338053,1
2014-03-19,-0.0002637116835178622,-0.014734230232825217,0.004124687395429245,-0.01765195035174664,2
2014-03-20,-0.004830206878442176,-0.011479578918567044,0.03057447618754424,-0.0039511035586693435,3
2014-03-21,0.007855942421866343,-0.022890542588789337,0.0009975858863896013,-0.025961015660230256,4
2014-03-24,0.01179076064959092,-0.02461979252136099,0.014846796440161868,-0.03884148858044731,0
2014-03-25,0.01069979357914768,0.008095585705809535,-0.0022951448923073238,0.0012255498715979462,1
2014-03-26,-0.00960651748083995,-0.03237551610307354,-0.017049308218042257,-0.034521200938025694,2
2014-03-27,-0.004307139498918591,-0.014489591307021148,0.0003344232135708943,-0.026840890576494185,3
2014-03-28,-0.001116819338324572,-0.0005319923509101769,0.0020003179453113224,0.024066571665897613,4
2014-03-31,-0.00022360489746825737,-0.005691697967125984,0.011097296294615791,-0.018630841653690857,0
2014-04-01,0.009106470171890634,0.019489510572911855,-0.0006588559362288065,0.040059946058557325,1
2014-04-02,0.0016600759810524504,-0.003007539823771052,0.003146390403587718,0.05958025619764394,2
2014-04-03,-0.006954200891997244,-0.0246911400798998,0.0029717322231169116,-0.021462796604579205,3
2014-04-04,-0.013020930156570217,-0.03235030648781885,-0.014111780942445223,-0.06020596039316247,4
2014-04-07,-0.015825247005844197,-0.01635594803754381,-0.013635074980866845,-0.022442879981467958,0
2014-04-08,-5.744335761862415e-05,0.028877886095142986,-0.0025458151632627105,0.03754754023558408,1
2014-04-09,0.013057931035964185,0.014388270922235085,0.007111233000204511,0.006799413695085217,2
2014-04-10,-0.012981886565121111,-0.045313777787587474,-0.03205857176438285,-0.06052374989572162,3
2014-04-11,-0.007419988543373837,-0.01711129149309984,-0.037271597638403244,-0.002010017097267678,4
2014-04-14,0.0039758149153791625,0.013319911034559857,-0.006167096359662282,-0.02831944875968507,0
2014-04-15,-0.007156915163959007,0.0005379894914277226,-0.0029154267359741124,-0.021327399035902955,1
2014-04-16,0.002025539202716423,0.023760034534892855,0.008358869357313744,0.026463349789988082,2
2014-04-17,0.0113606387885562,0.003792881292983937,-0.0007238922424624636,-0.004984526887452057,3
2014-04-21,0.011798120304908663,0.018177347749176925,-0.0034466176006939906,0.03110804783128541,0
2014-04-22,0.0009972514761957144,-0.004695705068003317,0.01407445393234574,0.06744558686107316,1
2014-04-23,-0.013157205102642911,-0.014497853807384043,0.004290998034626196,-0.04993654199797804,2
2014-04-24,0.07879479558035049,0.037995895177366554,0.002494457277447539,-0.0006252489451896411,3
2014-04-25,0.0073173237674254545,-0.10405962432718202,-0.008758620220616317,-0.0392977212138951,4
2014-04-28,0.03799688599207654,-0.024151286933829296,-0.0037770219567532094,-0.006727551860992525,0
2014-04-29,-0.0029671988688363565,0.012731314887918888,0.010932669890633153,0.041492794726592966,1
2014-04-30,-0.0037889301551830555,0.01240690175556421,-0.0021412386674332495,0.004676785389335048,2
2014-05-01,0.002353171410427177,0.012287316864678948,-0.004655139339069448,-0.0007698783030908332,3
2014-05-02,0.0018580134661342735,0.0003897073459915525,-0.00251590208812946,0.015192334533920245,4
2014-05-05,0.014042506170842843,0.006601278428657596,-0.024773302578258428,0.026667006585385133,0
2014-05-06,-0.01095910025391246,-0.041722736212006326,-0.016363711944998385,-0.04402794501331932,1
2014-05-07,-0.00350566063830882,-0.015828456855995012,0.01322320454121539,-0.0290259151935669,2
2014-05-08,-0.001783705283795715,-0.01511135483714367,0.005718853697788688,-0.1199519876149675,3
2014-05-09,-0.004175468483589811,0.013504414514023696,-0.006458957398615881,0.020341594815875243,4
2014-05-12,0.012373486601645962,0.03569521501555669,0.011779697190557109,0.013136115045106643,0
2014-05-13,0.001567118411899612,0.0058601452908085975,-0.0005490274046012489,0.02929538991487726,1
2014-05-14,0.00018532148279261807,-0.02331329886508663,-0.00477171238734003,0.0024161447744441007,2
2014-05-15,-0.008539849672613635,-0.00819828946251849,-0.015760108604741727,-0.01070654918672473,3
2014-05-16,0.01465054033104396,0.00846709708256155,-0.0037440703155636602,0.01562572480427589,4
2014-05-19,0.01177914173542562,-0.0031625320240843964,0.009706787957145817,0.02337266479803366,0
2014-05-20,0.0001987201242088287,0.014817526244088285,-0.0020458170894259464,-0.004036899292608885,1
2014-05-21,0.002641951269063568,0.01260326732698432,0.007418704850410455,0.021026737824623498,2
2014-05-22,0.001582548938103784,-0.0003279193726752962,0.007913817609116173,0.02686082692929427,3
2014-05-23,0.011232901671744483,0.023755527109596754,-0.00036649514018751984,0.011742559564499284,4
2014-05-27,0.018552561346857618,-0.004558162630670564,0.011124167382957947,0.020341655329489665,1
2014-05-28,-0.0025923684772524215,-0.0021256725826840736,0.005606310160443533,-0.006258932089829524,2
2014-05-29,0.01805647616916148,0.011603794202766807,0.004857561562227234,0.0,3
2014-05-30,-0.003752695898323411,-0.003927682145080941,-0.002695784262953088,-0.011818070229823507,4
2014-06-02,-0.006895533745338741,-0.011941060888577411,-0.003966661030637856,-0.014886167951695574,0
2014-06-03,0.014041923117174497,-0.005356924448211716,0.00450658864239496,0.0011718154406881516,1
2014-06-04,0.011354396198066316,-0.001335582283614474,0.0014375652629564732,-0.004646363346357747,2
2014-06-05,0.003915581257443523,0.05328456383402556,0.01691813395504529,0.014164629958340053,3
2014-06-06,-0.002753446442299908,0.01867669968994697,0.005985404279895714,0.006119507800617537,4
2014-06-09,0.015874811728283048,-0.006604070354910719,0.007868220549762512,-0.013834056762668457,0
2014-06-10,0.005852806725587201,0.014881125657929643,0.00832436081449284,-0.014769270391778938,1
2014-06-11,-0.004146475944664783,0.008358201531125934,-0.010940044704897905,0.010669521644387373,2
2014-06-12,-0.01686859670369676,-0.028106124805570308,-0.004024302766567332,-0.00465699841762891,3
2014-06-13,-0.01100394005235663,0.0011039683086659462,0.0,0.014148669404237526,4
2014-06-16,0.010028068944939956,0.004129206079793739,-0.0029849202361967616,0.08445262563464767,0
2014-06-17,-0.0013022667056521045,-0.00612336610895257,0.009624906893168982,0.030948394579085787,1
2014-06-18,0.001085497292864276,0.026546996857246964,0.006250121862177776,-0.01983549248930084,2
2014-06-19,-0.0034777470902455174,-0.022317868366810812,-0.008342451565194841,0.0029456778805498456,3
2014-06-20,-0.010395577845829462,-0.008599641406330613,0.004353832057287554,0.00787095018678083,4
2014-06-23,-0.0008806306642536973,0.009333263980698798,0.011059552207014047,0.03269289220770816,0
2014-06-24,-0.006073469027212633,-0.009456584445556738,-0.013321054561284577,-0.02009776071958805,1
2014-06-25,0.0008858967644246769,0.010067583982512694,0.0019139327143271902,0.01870571907583391,2
2014-06-26,0.005958142567915385,-0.005358800134129986,-0.0024364674840027588,-0.005460474515257445,3
2014-06-27,0.011811684055068748,-0.0034447642724235858,0.002436467484002736,0.014579082660054648,4
2014-06-30,0.010275073612651172,0.0006467978358434689,0.0015628848771920773,0.004174321733873275,0
2014-07-01,0.006328902037323375,0.023160880781009585,0.006098311281044136,-0.0014173330825706608,1
2014-07-02,-0.0004277436828219636,0.0013830029120699406,-0.010476711098150418,-0.04387359658410735,2
2014-07-03,0.00586626130780506,0.013843963058083835,0.0014032589454610366,-0.0007848664584652751,3
2014-07-07,0.020421513691364048,-0.01174313108897777,-0.006683156723208045,-0.029167142807699754,0
2014-07-08,-0.006480935913067692,-0.029635825381900835,-0.016188381891691094,-0.016254618641429817,1
2014-07-09,0.00041899172486277604,0.01884485112989521,0.0046520149427320585,0.018049530344923317,2
2014-07-10,-0.003675736692396235,-0.006232120567292684,-0.008245207438924743,-0.016270858670541104,3
2014-07-11,0.0018922777626286151,0.05424694127732333,0.004310433929483021,-0.0060787853434410176,4
2014-07-14,0.012834751386430981,0.02600222209685815,0.00874320392453713,0.03853631607263292,0
2014-07-15,-0.011785304943378885,-0.002479747919249888,0.03457018364218441,-0.03191085794986123,1
2014-07-16,-0.005681259573158811,0.004110710736360004,0.007522803227991887,-0.011082270093055043,2
2014-07-17,-0.01799135384112298,-0.00974105888908393,-0.014583607471509255,-0.008137649954282126,3
2014-07-18,0.014291732420907557,0.017466158088306812,0.006374334774776928,0.021221725581293954,4
2014-07-21,-0.005202202346046525,0.0030622948114330736,0.00017172876684579846,0.0023606566806711484,0
2014-07-22,0.008268810419890877,0.002997445825408668,0.007356309977237564,-0.004362462214627829,1
2014-07-23,0.02574273738393458,-0.007510688238032695,0.005608473085699512,0.013165542036044357,2
2014-07-24,-0.0016475498511246691,0.0013115003068568723,0.0028773929905530735,0.004708191486830045,3
2014-07-25,0.006573707996364896,-0.10146103905495894,-0.002707905198000922,0.00013418543557862096,4
2014-07-28,0.01372785537926244,-0.011172972530591525,0.0030457019794961184,0.005575496614474071,0
2014-07-29,-0.006484586383323348,-0.0012804413290941484,-0.009335249086511075,0.0008447660058005556,1
2014-07-30,-0.002340372574117721,0.007813130680723666,0.0045936409226910195,0.017227763766040502,2
2014-07-31,-0.02632460520008062,-0.02996289215174374,-0.021273825799675086,-0.02485640806845926,3
2014-08-01,0.005528775581640254,-0.019128086466204803,-0.02085035541426905,0.0436803888734628,4
2014-08-04,-0.005632981207009115,0.021234559388840543,0.003005489622895834,0.02225654717656802,0
2014-08-05,-0.004928795050783125,-0.004249392783718993,-0.010469446470749749,-0.00012577441322981454,1
2014-08-06,-0.0016835255827435068,0.005014289654920821,0.003027508215985544,0.04284435857092402,2
2014-08-07,-0.00010582419258111065,-0.007803777718613043,-0.0057072463433911385,0.013803804581451591,3
2014-08-08,0.002747887320743412,0.017031843175368017,0.0076617090016356994,-0.017022731624041335,4
2014-08-11,0.013107603687779204,0.004817916732328431,-0.0003548874853977079,0.04411003518235753,0
2014-08-12,-0.00020817137666444686,0.003105123623589875,0.0005327471449613958,0.002464994378784641,1
2014-08-13,0.013146364349457597,0.021562147995906333,0.006544311599197794,0.0013454128851647835,2
2014-08-14,0.002670175377170613,0.02101703827771469,0.0045734575695018775,0.004102035614554558,3
2014-08-15,0.004911383323327557,0.0012596671957254173,-0.004044926274793297,0.002407373362835875,4
2014-08-18,0.011971297881561423,0.0026939717914522027,0.008422742119174802,-0.007931864219710939,0
2014-08-19,0.013721310085851333,0.0017919956307108228,0.0057495514165709916,-0.012309033171476682,1
2014-08-20,0.0003977643286774674,0.0019376264306455201,0.0013891573131386494,-0.004097788889261007,2
2014-08-21,9.950243625638343e-05,-0.008583963070537477,0.01480983097575124,-0.005372038749552885,3
2014-08-22,0.007330457948615791,-0.003972916225477395,-0.0001708762533949127,0.009547824136142188,4
2014-08-25,0.002168809547175063,0.007301606259101448,0.014427831874822085,0.022221729962989444,0
2014-08-26,-0.006422080871196588,0.02311261395955904,0.006718092444225711,-0.003089835329943155,1
2014-08-27,0.012215683802695963,0.0039416158041359175,-0.0025139329465563016,0.005752471076066729,2
2014-08-28,0.0011743967636135303,-0.009250706879446208,-0.007242326799915739,0.0023146120561530806,3
2014-08-29,0.0024420490854165505,-0.002886332381345829,0.004890115698611571,0.021891485088176944,4
2014-09-02,0.007774654401678876,0.00980312632378448,0.003693726777320439,0.05208650253686692,1
2014-09-03,-0.04312390676402162,-0.009921048649565436,0.0005028451961064504,-0.01036609433090444,2
2014-09-04,-0.008322266916599923,0.020294138838729242,0.00016723837079914288,0.017100984807661684,3
2014-09-05,0.008625311219376763,0.0012421611672344094,0.0033438734032561414,-0.030707162323931017,4
2014-09-08,-0.0061822539882702,-0.011732023255328869,-0.0003336493113567068,0.01687261230693384,0
2014-09-09,-0.003768949822532739,-0.03746968381864889,-0.01395566436787432,-0.012950853767301998,1
2014-09-10,0.030254854180439914,0.004780094751877462,0.0027053507579222424,0.009364271783535652,2
2014-09-11,0.004248478729513297,-0.0024477245650377667,0.009076997540577229,-0.0028143952482857218,3
2014-09-12,0.002265416963580974,0.002025097643423784,0.004508004994194853,-0.0039677309872367195,4
2014-09-15,-0.0002952797631110569,-0.022288263064095124,-0.0015002082665266665,-0.09514541812587904,0
2014-09-16,-0.007605550034329986,0.01187771294388268,0.0008336978741722136,0.02674087122522945,1
2014-09-17,0.007113592557683997,-0.011538100146307106,0.00532011855115447,0.0024514768008921163,2
2014-09-18,0.0020648691355482853,0.0030816194423813046,0.016607880369921887,0.009291745751680522,3
2014-09-19,-0.008187512483879977,0.019259492479235172,-0.0034301530823884646,-0.01720418863018451,4
2014-09-22,0.0009901395244594447,-0.020799115153596986,-0.0032783590698934936,-0.03648190544760307,0
2014-09-23,0.015513582920214262,-0.0026847037835687946,0.0004926108473999813,0.0015186681176542908,1
2014-09-24,-0.008708950751691806,0.014052765511165095,0.01125867417807883,0.0068849274857942745,2
2014-09-25,-0.03887921301086124,-0.019319466128945792,-0.024306957627002433,-0.020798642012165195,3
2014-09-26,0.029002321183248126,0.003968085070645065,0.006793071980744979,-0.0014182514133375412,4
2014-09-29,-0.006372717843395758,-0.004309881948972491,-0.003805181863812395,-0.005448672179967012,0
2014-09-30,0.006372717843395778,0.00192469794992256,-0.0014930890598853872,-0.010575223125348778,1
2014-10-01,-0.01570575530885948,-0.015565221049131541,-0.007832689980856403,-0.010105257551752303,2
2014-10-02,0.007233393451670453,0.002988012776048283,-0.008967173624180915,0.04548638501800962,3
2014-10-03,-0.0028065744740083175,0.013507143562731864,0.02451054905640117,0.01496187669211217,4
2014-10-06,0.0,-0.0016744829858935503,-0.0019923372763924973,0.020976649594330037,0
2014-10-07,-0.008771800022846447,-0.016333829669237344,-0.015236821188036211,-0.004036974438302205,1
2014-10-08,0.020546745824644157,0.01788443428320233,0.018885740305338978,-0.0011178310303564822,2
2014-10-09,0.0021801577639747704,-0.022976539744672068,-0.02209621001047309,-0.008793536131800233,3
2014-10-10,-0.0028747602496950768,-0.012700429612386557,-0.009523955830601841,-0.08143473865625572,4
2014-10-13,-0.009175227778800586,-0.015991519016912065,-0.006170886970331398,-0.05340377876484117,0
2014-10-14,-0.010676915560123412,0.006051125144119577,-0.0029272156732525457,0.010937749542414521,1
2014-10-15,-0.012328963346369372,-0.007618688093336726,-0.04334708196322277,0.011559786859037711,2
2014-10-16,-0.013209442165547248,-0.010216432567510907,-0.008136602259748727,-0.014691575048957725,3
2014-10-17,0.01454127050052547,0.0025721703490328767,0.020129960236583446,0.00497980289370228,4
2014-10-20,0.021172425876550036,0.008428350849755293,0.007622040584716911,0.013058432945318386,0
2014-10-21,0.02680316410460673,0.029348588953683332,0.02269637290928969,0.02091053353735756,1
2014-10-22,0.00506205945843839,-0.0075123719261290705,-0.008320396610232586,-0.018180730312522445,2
2014-10-23,0.017708301232379837,0.0006707628738065313,0.010562037583716745,0.017968264566505333,3
2014-10-24,0.0037132073046601617,-0.08708689910327135,0.011643914726633762,-0.0002125108973036142,4
2014-10-27,-0.001045849929814667,0.010086229058262827,-0.0017036135161524071,-0.05941649551848719,0
2014-10-28,0.015388662801914492,0.019195899110924574,0.016741652916809097,0.09092476874046022,1
2014-10-29,0.005604965936279137,-0.004985489882515075,-0.005718599753371889,-0.019423818886007627,2
2014-10-30,-0.003359224464544361,0.016689776290915295,0.0016857390190218075,0.002349261190755237,3
2014-10-31,0.009489234669860498,0.021141175729614003,0.018186531377795658,0.012657259155448224,4
2014-11-03,0.012879869191325713,0.0008508451885895139,0.006592193345583192,0.003675516902470035,0
2014-11-04,-0.007339474472900847,-0.009564116193101335,-0.010401998239392213,-0.015202121083190924,1
2014-11-05,0.0023912766860196767,-0.02099086645501377,0.014827207580790236,-0.03388283063012714,2
2014-11-06,0.002855835095129232,0.0004045832630584544,0.0013072926778584615,0.04342155280325142,3
2014-11-07,0.002847860663989623,0.010796433641957745,0.003911992495571183,-0.004237520104653344,4
2014-11-10,-0.0016526958152912703,0.01735665571999282,0.007455442539974894,0.007176651035293924,0
2014-11-11,0.007962270312481739,0.022362888602370356,-0.00908375599777011,0.03712310521679775,1
2014-11-12,0.014030333156920422,-0.0016038348634330756,-0.01328609502212158,-0.00791718940632346,2
2014-11-13,0.014013852280314827,0.01582866053381798,-0.005464384233282198,0.010383526919173628,3
2014-11-14,0.011982368618708727,0.03520465178157001,0.0008298118720391549,0.027353797829441095,4
2014-11-17,-0.0016652895103864444,-0.014657603425651452,0.0016576466996880816,-0.018336263991684153,0
2014-11-18,0.012900045685262509,0.005802656004081382,0.0024812864712508882,0.014540658522254748,1
2014-11-19,-0.006952033409136861,0.004942656682430793,0.0011557388043270996,-0.039416281025618075,2
2014-11-20,0.014200734723239699,0.012175274426689132,-0.00795242843099263,0.0039077546937745025,3
2014-11-21,0.0013743657442432731,0.006303069243084204,0.005474011576858798,-0.02413193064827291,4
2014-11-24,0.018375470008867547,0.009008356645347357,0.008401573088602473,0.01609840915023267,0
2014-11-25,-0.008720065329039652,-0.0017891564945635657,-0.010885803837076291,0.005537496580522171,1
2014-11-26,0.011834555087379368,-0.00439728423344842,0.0006631167459497548,0.0014098547640615476,2
2014-11-28,-0.0005883334661106383,0.015084857626778948,-0.002987882128347964,-0.015904386506489617,4
2014-12-01,-0.03299459382272081,-0.03804021479067347,-0.0026629786118532424,-0.05411258800496576,0
2014-12-02,-0.0038313524363363296,0.0009505311122191478,0.017839822890539384,-0.0009069863900364785,1
2014-12-03,0.011277074250228475,-0.0305246361413495,0.0075031214590738134,-0.009246274862083455,2
2014-12-04,-0.0038026531764913003,0.001357724807881839,-0.002603606633843942,-0.004458233608202177,3
2014-12-05,-0.004251801499807937,-0.013660556048408374,0.021277315758233627,-0.020222429011297772,4
2014-12-08,-0.02286801459074444,-0.019345991649410702,-0.00047855335873340734,-0.042693701977282617,0
2014-12-09,0.01518656082367034,0.018930062534918496,-0.003516434136972527,0.011733479978398154,1
2014-12-10,-0.019198106123341725,-0.021542391762237455,-0.02875195370296152,-0.0330449959030178,2
2014-12-11,-0.0029521077485995697,0.0049576235918150765,0.007551969801416691,-0.004585420541004548,3
2014-12-12,-0.01707752972834044,-0.00013013958683683356,-0.018155078011801096,-0.009041095023733813,4
2014-12-15,-0.013764121662425086,-0.004075715991640557,-0.01476551039123915,-0.014402740197095514,0
2014-12-16,-0.013769033999903403,-0.03663510235531076,-0.012416133475640965,-0.031009110024997424,1
2014-12-17,0.024612387622771,0.012863428305265469,0.022674004534303863,0.03969498645814139,2
2014-12-18,0.029183474579463006,-0.003855111755441522,0.02820850567372398,0.05868507914970849,3
2014-12-19,-0.007753027493944764,0.007262018500955475,0.00729267259662879,0.0047080277535765935,4
2014-12-22,0.010324196830172345,0.02189915254564472,0.00016139362424741317,0.01498139889757775,0
2014-12-23,-0.0035477683592161657,-0.0008158745593126145,0.008680368068903729,-0.007349541060883608,1
2014-12-24,-0.004720728195609539,-0.010700562216992601,0.0,0.005820952142920065,2
2014-12-26,0.017522405686470902,0.01980071556809382,0.0011198543327959917,0.024707965182186813,4
2014-12-29,-0.0007017461603154208,0.009498890418686819,0.0065334230688119605,-0.009304873802173558,0
2014-12-30,-0.012277792297817062,-0.005591806296370405,0.003012917905094094,-0.015538067760799705,1
2014-12-31,-0.01920205908941623,0.00016109436024795815,-0.009066952732061529,0.0008096494592120741,2
2015-01-02,-0.009558009368991486,-0.005914040122495067,0.004973298217604338,-0.014036225169085667,4
2015-01-05,-0.02857655347744065,-0.02073069374229033,-0.03153723889678033,-0.042950328828715974,0
2015-01-06,9.442576487008405e-05,-0.02309805250552857,-0.02627082626491702,0.005648255842151179,1
2015-01-07,0.013924731262236803,0.010543956937772861,0.0015245366199662252,-0.0015631517125408972,2
2015-01-08,0.03770251867320524,0.006812759380520335,0.022100615300817153,-0.00156553106269541,3
2015-01-09,0.001072079007197821,-0.011818170381278284,-0.017540119987583418,-0.01898062692006783,4
2015-01-12,-0.02494934221508906,-0.018765211590182393,-0.008631598819496456,-0.021768130883067914,0
2015-01-13,0.008839510735578426,0.011362407445480715,0.00016994968313250808,0.010037948528329803,1
2015-01-14,-0.003817667289152585,-0.004999968410075042,-0.03510936472796996,-0.05826208511535263,2
2015-01-15,-0.027515677390241345,-0.021785701035730624,-0.03256113288133165,-0.0042646091303445875,3
2015-01-16,-0.007800162817223827,0.013121402610751216,0.016949241061313798,0.006234752215779189,4
2015-01-20,0.025430917990899513,-0.004481346448052067,-0.003941031822170366,-0.005922112022732375,1
2015-01-21,0.007605277490665693,0.0266255183222718,0.003225852728798309,0.023887916243012904,2
2015-01-22,0.025682946949866857,0.04303046145131587,0.029963438099994417,0.025366093948943954,3
2015-01-23,0.0051469846416692545,0.006648407611927956,-0.015927632149401866,-0.0016380356186696048,4
2015-01-26,0.0010613599922549048,-0.008777508890486037,0.0015868961372407068,0.025795883487268887,0
2015-01-27,-0.03564089237069106,-0.009441849857626305,-0.010091517381915506,-0.002763444831417415,1
2015-01-28,0.054992395902426466,-0.009301429174865683,-0.02613944403797394,-0.03261671754106088,2
2015-01-29,0.030659099208541818,0.025566165189589755,0.016664032248095,0.028822750890941436,3
2015-01-30,-0.014742452206895074,0.12849514892877184,-0.023444843841567174,-0.007827891211321799,4
2015-02-02,0.012468689816336703,0.027651261355507578,0.019845675036687733,0.03541650455001054,0
2015-02-03,0.00016899170767550355,-0.002527378513748023,0.022284779740707406,0.03457130456060133,1
2015-02-04,0.007640250922353088,0.0032953190647652506,-0.006012244339830865,0.0008697468597585222,2
2015-02-05,0.0071120560806998915,0.024749489304619617,0.006893562575797113,0.01110267180298662,3
2015-02-06,-0.008456364259965123,0.0010425830406616764,0.019536285179332646,-0.016562460365371068,4
2015-02-09,0.006620355959538187,-0.00998884955846854,-0.001209710346869819,0.0005518871416418817,0
2015-02-10,0.019029424429352553,0.006563030833522425,0.011008150686733133,-0.005486790495772485,1
2015-02-11,0.02316826297370809,0.005720888815523967,-0.0015409857648771253,-0.016267296304893594,2
2015-02-12,0.012572523206585001,0.005396701104405952,0.020350162281862223,-0.047738135628800464,3
2015-02-13,0.004891026867096454,0.012279459098634262,0.0016772932846678798,0.004377269986898078,4
2015-02-17,0.0058844157647217525,-0.01690343200013241,0.0071803373172655656,0.0028422373753069544,1
2015-02-18,0.0069382715345563395,-0.005502082900133491,-0.012220594007977021,0.0005381783039690399,2
2015-02-19,-0.0020998054605871376,0.014966312035109902,-0.0023610739303307547,0.034845074204363315,3
2015-02-20,0.008141075206843828,0.012220527796125482,0.009577476603539034,0.02518669958065304,4
2015-02-23,0.026668433765944376,-0.009217168822113446,-0.007553556229972262,-0.046044145136946664,0
2015-02-24,-0.006260332274001453,-0.004085748360366676,0.024466495060337375,-0.015700937648674383,1
2015-02-25,-0.025905841882952873,0.017750023321773792,0.0052477807278489,-0.0017162494669841497,2
2015-02-26,0.01257721392520027,-0.001480172383095798,0.00717094134978219,0.01669345934649604,3
2015-02-27,-0.015142481655300983,-0.012131520665915154,-0.004883458600425589,-0.0187568262214745,4
2015-03-02,0.004892080019060404,0.014364015123052923,0.00796389837154371,-0.030002041037217854,0
2015-03-03,0.00208927313762484,-0.0027264055823154843,0.003232677500235105,0.011237539737762316,1
2015-03-04,-0.006359106388879456,-0.004926161193133822,0.0025784730419858206,0.014328632289798915,2
2015-03-05,-0.016709436187959427,0.013263489096297565,-0.002094284537762561,-0.008981189592245054,3
2015-03-06,0.001502066641686103,-0.020159086597809534,-0.018065529944065253,-0.034222991262336,4
2015-03-09,0.004256046797806278,-0.004033482888479241,0.009968052883753686,-0.015594438016240424,0
2015-03-10,-0.02090274338243825,-0.024196744784348488,-0.02535940286662446,-0.002938104609135431,1
2015-03-11,-0.018399581244927788,-0.008534029363169621,0.00465903964316949,0.017810238003898436,2
2015-03-12,0.017917393705743766,0.021253517088100537,0.01858435056328681,-0.01387723588855585,3
2015-03-13,-0.006934224978468434,-0.009827987507792043,-0.006046978029398418,-0.012587386429474445,4
2015-03-16,0.01094397082968303,0.0074469833398575465,0.013838010329379077,0.036530447505924324,0
2015-03-17,0.016588561361309664,-0.0038374794735981962,-0.0038880122602280302,-0.0049688967921734046,1
2015-03-18,0.011193025546471683,0.008620474519045398,0.0022698855577681586,0.03024707436572859,2
2015-03-19,-0.007578820496937921,-0.005077608480877715,-0.008946888907302561,-0.025533757903858405,3
2015-03-20,-0.01262827581979701,0.013967947123365439,0.008946888907302664,0.012343618570630861,4
2015-03-23,0.010351314095600717,-0.008970268052454936,-0.009927663002399742,0.007794746195763983,0
2015-03-24,-0.004096258192325919,-0.0027229378138794243,-0.011184299490294166,0.010414901829068896,1
2015-03-25,-0.02647390321976638,-0.008402162599518113,-0.014158587102081762,-0.03747727079732416,2
2015-03-26,0.006945915871416574,-0.009779169500559888,-0.0011749573929451147,-0.020223661788001102,3
2015-03-27,-0.008000235275353526,0.008700279674878311,0.00016809625665517334,-0.028823861915902877,4
2015-03-30,0.024999192595165858,0.010816716379716264,0.02340138717775845,0.02966381526583562,0
2015-03-31,-0.015470744176889987,-0.00666947398762797,-0.006252897514371574,-0.009490228947205274,1
2015-04-01,-0.0014475698735631573,-0.004957122812163059,-0.003829678183718156,-0.006270690148005495,2
2015-04-02,0.008574752937767204,0.005360142637337408,0.009463380291645685,0.01801467764900878,3
2015-04-06,0.01606870792660017,0.012785614000309035,-0.0008266420802806751,0.06142509264600836,0
2015-04-07,-0.010577980332095085,-0.006999740390030553,0.006264214267899117,0.0007382967353085246,1
2015-04-08,-0.0032590990508314355,0.017972639576541403,0.0032818034110539142,0.021513574325074822,2
2015-04-09,0.007614338737735653,0.006119776472180107,0.006856037434753002,0.01158564245693915,3
2015-04-10,0.004257592630430475,-0.002323202927133299,0.0037345742486150327,0.003848138043136459,4
2015-04-13,-0.0019688820587636527,-0.0007581425134450244,0.005978960649837941,-0.005324746976747791,0
2015-04-14,-0.004345261538725488,0.007166474179881308,0.01550629208802567,-0.01112082935895186,1
2015-04-15,0.0037932141696854016,-0.004319782926109481,0.018389796124463943,0.0017818964701395738,2
2015-04-16,-0.004822873710263505,0.006731727364913847,-0.0062488875760223625,-0.005451990154159205,3
2015-04-17,-0.011318392558868686,-0.027522754520884297,-0.015318136475126797,0.000435356518677135,4
2015-04-20,0.022588368348138092,0.036471305516949735,0.006345202250444047,-0.00737762051520866,0
2015-04-21,-0.005422055703444739,0.004278268482925638,-0.014815233133952742,0.019967868746211544,1
2015-04-22,0.013384069186408516,-0.0035340375596052956,0.010059703426498458,0.04678474050637763,2
2015-04-23,0.008130425523696382,0.0004873365248035342,-0.0022266246571167126,-0.0038352543420964373,3
2015-04-24,0.004693200012293456,0.13217782645721562,-0.003189797711206842,-0.0007779222876597997,4
2015-04-27,0.01802796709990291,-0.014802328720787992,-0.004161957581777043,0.0583302672383117,0
2015-04-28,-0.0158809462939803,-0.021317346584747692,0.006714560292247079,-0.004631839899719443,1
2015-04-29,-0.014815191787376482,0.00013976146658735783,0.013295520634682773,0.008511120452263243,2
2015-04-30,-0.027504693783220263,-0.017835140106403087,-0.005360062643988019,-0.02791897023681704,3
2015-05-01,0.029911919940399576,0.0025808892506080355,0.00551735552046962,-8.841021510166788e-05,4
2015-05-04,-0.0019411408598047233,0.0004019838049338454,0.01729942856733307,0.019626467298796236,0
2015-05-05,-0.022790466052786323,-0.0043827314519974065,-0.0049563897571858395,0.010529570494660813,1
2015-05-06,-0.006299654134473386,-0.004974474679941024,-0.007481272377898994,-0.010876662094637066,2
2015-05-07,0.006166286919936669,0.018393385562940696,0.009032705374321577,0.027268756923558395,3
2015-05-08,0.0186655524927942,0.01582704434698185,0.015232645940612412,-0.0008026891786145386,4
2015-05-11,-0.01023873747720068,-0.0019387370635095265,-0.0006113267759261178,0.012098410758755259,0
2015-05-12,-0.0035687683104501907,-0.004236723783933855,-0.001375894063932094,0.02168478414483605,1
2015-05-13,0.001111553902419676,-0.009674996692712878,0.0024448654779623967,-0.006394518342469454,2
2015-05-14,0.02306347695821707,0.012594017600344542,0.00805641898910526,0.003776028799023596,3
2015-05-15,-0.0013968888870644,-0.014634230809673496,-0.0025771512615863474,0.019232142191383122,4
2015-05-18,0.010967124193260966,-0.0017856359365701227,0.008163287272500938,-0.0003617749088878535,0
2015-05-19,-0.0009221486182548509,-0.008335766490117151,0.008843967423217136,-0.0064933318726669185,1
2015-05-20,-7.691150736677633e-05,0.0050853414440791295,-0.00794069327626093,-0.011353287570736796,2
2015-05-21,0.010174076340455378,0.01816544858996659,0.0025537670814100278,0.005183918619289489,3
2015-05-22,0.00871474625421729,-0.009310350922674376,-0.0027041919665578046,0.008553835328295118,4
2015-05-26,-0.022277677186657182,-0.005063886094626784,-0.011195407020976064,-0.001090469364007163,1
2015-05-27,0.018497940304374412,0.013887592912888979,0.011195407020976052,-0.00012128808890102426,2
2015-05-28,-0.001970952433139076,-0.011305538821696852,-0.004070667233518487,0.016116428556298173,3
2015-05-29,-0.011447904460214167,0.006216398486480132,-0.006364301853455178,-0.0025883372774883786,4
2015-06-01,0.0019935572508922366,0.003929522453572549,0.004550446446355966,-0.005397323849431632,0
2015-06-02,-0.0044529635069520705,0.00016242924792519466,-0.0009085892989350309,-0.004419362352227391,1
2015-06-03,0.0012302949413625028,0.012909683360482354,0.010247095664692667,0.0025736219652755413,2
2015-06-04,-0.005857759348535363,-0.01339705027547289,-0.005562311480523473,-0.012406423354541639,3
2015-06-05,-0.005503678102913602,-0.00893059519904854,0.016299062196946476,0.013008689596127656,4
2015-06-08,-0.006629046732840208,-0.00811342514389438,-0.00789213795444343,0.028294672033666528,0
2015-06-09,-0.00297786122075344,0.0046644732113107,0.0043262682912467414,-0.00113214509669344,1
2015-06-10,0.011392869401906215,0.012356345908307004,0.015948008839435215,-0.02092050364232466,2
2015-06-11,-0.0022525484843483826,0.005094164796486129,0.003801688750438122,0.0028281472936911066,3
2015-06-12,-0.011104144040046922,-0.007069303623812147,-0.003947965861401475,-0.0028679764483065502,4
2015-06-15,-0.001967822044038913,-0.01464429435721301,-0.0038167560900714288,-0.0012374338282701012,0
2015-06-16,0.005343256498989389,0.008437903938059568,0.005573215683036022,0.010883927745015778,1
2015-06-17,-0.0023536146924185712,0.0012863624751618726,-0.003369700370896458,0.028393631742213578,2
2015-06-18,0.00454573178968863,0.02670825222184991,0.009348571675478,0.005667283729091548,3
2015-06-19,-0.010059768493200526,-0.010225263170542422,-0.010229305026652421,0.002364655052021524,4
2015-06-22,0.007946179632098187,0.003145077468608174,0.0128431663324901,-0.010415685822857295,0
2015-06-23,-0.004555640925991881,0.021989311417397437,0.011390663014810481,0.029881379086844274,1
2015-06-24,0.008466068752634292,-0.011614518831298546,-0.01052116385664058,-0.009383820283772002,2
2015-06-25,-0.004772901307367658,-0.0016800538374842117,-0.005375063606256913,0.01355925805276423,3
2015-06-26,-0.005899429687396316,-0.0045547095123684034,0.004360549650609034,-0.006344692767190736,4
2015-06-29,-0.01767058848704155,-0.018987650467357453,-0.02570848930063455,-0.019164806231762376,0
2015-06-30,0.007201580686486988,0.009792319313729854,0.008298915470076548,0.023535842676817006,1
2015-07-01,0.009284731336578382,0.007573314318589781,0.011079047452909465,0.0033121051692337686,2
2015-07-02,-0.001264726432721813,0.0007313792115561281,-0.008112747913421628,0.03959218179886062,3
2015-07-06,-0.0034859117016180696,-0.0038226041830913536,-0.002817832035738572,-0.0010718486621204945,0
2015-07-07,-0.0024630545120176745,0.0015582933786275465,-0.007902736159320887,-0.04324998266363249,1
2015-07-08,-0.025136500894038318,-0.01620495854921257,-0.02072242459280296,-0.04943247714978346,2
2015-07-09,-0.020607401138818194,0.010855409939170349,0.010339293498308843,0.011542844689962467,3
2015-07-10,0.026383089787211444,0.02077765950262371,0.014118754098802972,0.004757516993591066,4
2015-07-13,0.019121813801058665,0.02682897612278171,0.015391335194961633,0.011547946093778832,0
2015-07-14,-0.0003981173796518408,0.021713079555152615,0.013856082115906691,0.01322461194395776,1
2015-07-15,0.009586989017619452,-0.009452349965458655,0.0021703658218066918,-0.009493350092744896,2
2015-07-16,0.013237902960918594,0.03051473282903452,0.00533296449438233,0.013363230698704974,3
2015-07-17,0.008600329864245537,0.01571250303118269,-0.005043854706950155,0.02948450757237186,4
2015-07-20,0.018725391973574965,0.01048300082484486,0.000722005255474814,0.027294636659552916,0
2015-07-21,-0.010045564845073986,-0.00020494080940346978,-0.0023130340754784462,-0.05644179613123731,1
2015-07-22,-0.04321458714079584,0.0005531344451505448,0.01408313094692867,0.004114947181273161,2
2015-07-23,-0.000479370728398082,-0.012551067355651577,-0.006298819109291818,-0.0025043254332856916,3
2015-07-24,-0.0052870643943326535,0.09346463575117221,-0.010537624094135943,-0.00672163769474665,4
2015-07-27,-0.013993148154410998,0.003751736482401084,-0.01314660174831388,-0.0478468521890086,0
2015-07-28,0.004956194668870471,-0.01017557202723197,0.0005880146670870558,0.045621401391761185,1
2015-07-29,-0.0031657605141708206,0.0056302031879088225,0.012993723974935775,-0.0037833480487480878,2
2015-07-30,-0.005054042721173832,0.014562582082145127,0.0014497285735546378,0.011194777500451487,3
2015-07-31,-0.008782056951782458,-0.0011370388129638095,-0.00741470800885102,-0.0024017057645460025,4
2015-08-03,-0.023860374228513444,-0.002091214682903946,0.0,-0.02341693366667038,0
2015-08-04,-0.032609740997215794,-0.005867313359490785,-0.001021817213184793,0.023905279104246856,1
2015-08-05,0.006607426742801258,0.009561244357738303,0.003936336836282003,0.014354910391804768,2
2015-08-06,0.0021738096425516777,-0.014159117203467297,-0.007008515078900668,-0.09304349445674888,3
2015-08-07,0.0033817117664234763,-0.013002960688429046,-0.0029347490838358766,-0.014816884909300457,4
2015-08-10,0.03571180947364646,0.002637071045348761,0.012268365991303534,-0.005665272337093259,0
2015-08-11,-0.05344070491331641,0.006581288985736997,-0.00962671944836728,-0.015757566178395816,1
2015-08-12,0.01530226242382381,-0.0029429145338807517,-0.014616331628912727,0.003364595943075023,2
2015-08-13,-0.0007812862907885814,0.007105195874011613,0.004600360557207655,0.018058242572414077,3
2015-08-14,0.00700969872632896,0.0035055506963879903,0.005020413109405676,0.0026355170560445813,4
2015-08-17,0.010295127315039376,0.006937030886517252,0.0026476397611577248,0.04754579507431742,0
2015-08-18,-0.005649217624608752,-0.000373756509223592,0.00205480426368893,0.022222705240830896,1
2015-08-19,-0.012872272349017165,-0.003932793184296871,-0.008983190844173946,-0.021203538585942035,2
2015-08-20,-0.020733269636310298,-0.032691014838186455,-0.024862860034376696,-0.05256225251947507,3
2015-08-21,-0.06311328766001863,-0.04219384732642084,-0.036131794574768054,-0.048259598621907714,4
2015-08-24,-0.02527903845070192,-0.06496054361794366,-0.05411085200120072,-0.05294364086806093,0
2015-08-25,0.005994336998174433,0.006453422872329922,-0.0056591708404,0.005285962390938471,1
2015-08-26,0.05577030089080954,0.07116757438876509,0.048861770897553086,0.021625113606494616,2
2015-08-27,0.02902155645870456,0.03454240059306778,0.02464991252634784,0.07763125535114371,3
2015-08-28,0.0032713177769327336,-0.0006947859679200845,-0.0054427883977034,0.022342022386702107,4
2015-08-31,-0.004689016006994404,-0.00993309597204411,-0.00046794006796253075,0.0023315329812339173,0
2015-09-01,-0.045726687397253156,-0.032397395121310214,-0.04222022632935095,-0.042779605118654994,1
2015-09-02,0.041994719976778706,0.027824551312481318,0.018061887068576653,0.03726373473123927,2
2015-09-03,-0.01769152166102434,-0.011484759497810694,0.0017565218702519816,-0.008595998590490855,3
2015-09-04,-0.010016443635992245,-0.011397696150875184,-0.01900543014736692,-0.01493346749689931,4
2015-09-08,0.027440781295065803,0.03648072176048199,0.026634218999225693,0.025465472117565627,1
2015-09-09,-0.01941950795086759,-0.0012567781186459805,-0.01563808538595534,0.002977404618816599,2
2015-09-10,0.021731701091647012,0.010297163664101251,0.007690224713174847,-0.0017290732428101338,3
2015-09-11,0.01446374779497679,0.013692615148410357,-0.0015972943432881815,0.0070581602387096015,4
2015-09-14,0.00958548932112246,-0.015340696921933065,-0.0028813304955871725,0.011719740597531185,0
2015-09-15,0.008376784354223378,0.0018969878443180286,0.019054366187212252,0.001499728214054951,1
2015-09-16,0.0011176950457753598,0.009564143002022603,0.008768781504236295,0.03365832894647959,2
2015-09-17,-0.02162233016641683,0.021534090980653404,-0.02350429983054381,-0.0006866630064168644,3
2015-09-18,-0.004134266178710084,0.002576149550911345,-0.02767375453448997,-0.005548217153139337,4
2015-09-21,0.015394502390825885,0.014936202215630164,0.00833419439455376,0.013642977216394011,0
2015-09-22,-0.0158352903683683,-0.018384944291586505,-0.008826969368052348,-0.012415868304537009,1
2015-09-23,0.008080109789229538,-0.004337060639394074,-0.0044427501799147945,0.0004597368093267585,2
2015-09-24,0.005930802718060056,-0.004337155982388765,-0.006949835962382867,0.007859912445560249,3
2015-09-25,-0.002524948085027253,-0.01795890931377515,0.020544826343373124,-0.02388434853425441,4
2015-09-28,-0.019987535661877703,-0.03927338173950382,-0.024538100516521076,-0.03356465899801779,0
2015-09-29,-0.03052146117192221,-0.015978259064668845,-0.0023367386559682646,-0.007190844829297469,1
2015-09-30,0.011305753148638931,0.03139272768568419,0.018707239100036015,0.007070030341408839,2
2015-10-01,-0.006549069641517962,0.017102700194569404,0.007353645081497107,-0.03490154288586749,3
2015-10-02,0.007273709422594612,0.022445600200184785,-0.0027916877317607195,0.03155463266830967,4
2015-10-05,0.003617571364914562,0.020702796539557356,0.01970286626818739,-0.00575231068616969,0
2015-10-06,0.004772549212506861,-0.01146926859723264,0.00048350135987860956,-0.019237233296969004,1
2015-10-07,-0.004772549212506797,0.008263728262103982,0.0012883306415055135,-0.040138936881572086,2
2015-10-08,-0.011621912107433406,-0.01633369648571856,0.0,-0.022849132781449556,3
2015-10-09,0.02364541419654504,0.012377089879623358,-0.0032243923715882124,-0.02695673780977736,4
2015-10-12,-0.004648597360806239,0.019064999316853213,-0.00339649945281969,-0.02342700383143294,0
2015-10-13,0.00170115098821239,-0.0023474269842082953,-0.0027582521454249565,0.016880587647177092,1
2015-10-14,-0.01423463607067898,-0.007442413670491155,-0.025671997732953436,-0.010868425439148318,2
2015-10-15,0.014860599078164215,0.03181060173272864,0.031180833430275064,0.020220199401692323,3
2015-10-16,-0.0073576992190205175,0.014684357306616063,0.008687526846225197,0.025429643865455483,4
2015-10-19,0.006194819153462673,0.004178628795449432,-0.0033697365426792864,0.004790089906799497,0
2015-10-20,0.01809327365521138,-0.021640437393723278,0.004810025295361494,-0.06835117046145145,1
2015-10-21,-8.738536194512847e-05,-0.009152467645848823,-0.0073846956712183606,-0.013896997938755871,2
2015-10-22,0.015179188021434325,0.014540110170808777,0.01804439804515868,0.007728686982366763,3
2015-10-23,0.030525156305783473,0.06041703456412543,0.010703608795009329,-0.012499911621996889,4
2015-10-26,-0.03243169955842154,0.015865991188240783,0.0004696580748048012,0.029081868404439975,0
2015-10-27,-0.006352273647749212,0.003935684634853103,-0.004077267419903618,-0.02307386560608883,1
2015-10-28,0.04037828034805248,0.009917716371994578,0.02880805133089664,0.012331597380900512,2
2015-10-29,0.010508673325548574,0.015197489637304624,-0.00443709399645089,-0.006264837843194175,3
2015-10-30,-0.008582372139243108,-0.0010379437598100534,-0.014831577356757268,-0.022458975944985506,4
2015-11-02,0.013960833863681653,0.003906705122261544,0.019879075774129795,0.03261373712572758,0
2015-11-03,0.011405456276059638,-0.004849823028025014,0.0036554668093364633,-0.025774895577753698,1
2015-11-04,-0.004661496511719488,0.024703971340571496,0.0010635538200123385,0.1059219136005671,2
2015-11-05,-0.004620736199265499,0.022675677410498654,0.008919576099185318,0.0006041858295331785,3
2015-11-06,0.001157624817350373,0.005657632795229069,0.02995023582563093,0.002542454778221519,4
2015-11-09,-0.004056016945913514,-0.005901677514696447,-0.015752573833283406,-0.030721921604877106,0
2015-11-10,-0.032024347182776525,0.006371801622698443,0.004293866313585049,-0.039975463341660966,1
2015-11-11,-0.005668072064426483,0.020361782245871995,-0.004887883436916278,0.011846407719766909,2
2015-11-12,-0.0033644888544169397,-0.011427833535744648,-0.020248284836047205,-0.02842651669418848,3
2015-11-13,-0.02964348448933138,-0.03555551684774463,-0.006688932714333821,-0.02737417981437927,4
2015-11-16,0.016245994469562767,0.008464080178710955,0.014386643183591992,0.033787245996180895,0
2015-11-17,-0.004300644538530839,-0.006986209277764125,-0.0057298594889590064,-0.0014474450123940017,1
2015-11-18,0.03117418518719859,0.030977875324577683,0.01976391753077707,0.032503323710174184,2
2015-11-19,0.012623451363229156,-0.003426870357171514,0.0031090063087164787,0.003296700922651906,3
2015-11-20,0.004368318334482904,0.010799405843003132,-0.0017752418009234138,-0.00810313545175424,4
2015-11-23,-0.013077686343434116,0.015644812781888586,-0.009820113051716792,-0.010325289314524337,0
2015-11-24,0.009550896079217486,-0.011613803368476512,-0.0014962116557464726,0.00229354391959643,1
2015-11-25,-0.007175914642942772,0.006223590044783705,0.0011972842593612058,0.05087162574256423,2
2015-11-27,-0.0018655201244540485,-0.0030846857313211024,0.004625767790546662,0.008542120546783584,4
2015-11-30,0.004150914084262679,-0.012645237381074675,-0.007321581411705017,-0.005845827169811036,0
2015-12-01,-0.008148369389552906,0.021223168795362995,0.013850782298010853,0.02965239508444062,1
2015-12-02,-0.009074632888067754,-0.0045016246967343925,-0.014150985003339087,-0.02216728039521691,2
2015-12-03,-0.009331345194861219,-0.014542862655202382,-0.012984824807334773,0.0030987975992940553,3
2015-12-04,0.03270565592586999,0.00954529186108015,0.03126860143041492,-0.010062873706305039,4
2015-12-07,-0.006320754932332273,-0.004186292980946955,-0.013196238520521519,0.0032501536272098092,0
2015-12-08,-0.00042270243797249064,0.01113464962931569,-0.01564416323037263,-0.01926452521184706,1
2015-12-09,-0.022323024865656172,-0.018687478684151916,-0.007608989540953202,-0.009750976347211632,2
2015-12-10,0.004745589714704393,-0.003722288377978472,0.002288936050697071,0.011293491647282305,3
2015-12-11,-0.026075136493136742,-0.034046342569693445,-0.02375207308808794,-0.045268765577998055,4
2015-12-14,-0.006203666856666012,0.027365635063433754,0.0031165473685935644,0.007162505690348391,0
2015-12-15,-0.01785063649643711,0.001108929475256666,0.028075914814606067,0.01141779682858444,1
2015-12-16,0.00766320357457416,0.0256757540486396,0.021403204837279834,0.05892837348959033,2
2015-12-17,-0.021424225756074538,-0.00760540519332874,-0.018683768215686517,-0.004787376861655864,3
2015-12-18,-0.027442175434712435,-0.009754435069844242,-0.028774505663945665,-0.012633510372626498,4
2015-12-21,0.012186534789691117,0.0005568800757596681,0.017546925559526822,0.009070905109061408,0
2015-12-22,-0.0009322867528306859,-0.002048627001940745,0.002133985620045039,-0.011286348541965068,1
2015-12-23,0.012787174459729576,0.0008290357791071377,0.01586019547072047,-0.0010878299663785369,2
2015-12-24,-0.00535412390346172,-0.0013720937334212534,-0.001949912004072116,0.003780431193691777,3
2015-12-28,-0.011264293402666343,0.0185507057627864,-0.0033087422984507103,-0.007050851966452754,0
2015-12-29,0.0178151213777249,0.027419884076997837,0.010340943376529013,0.035357883762594786,1
2015-12-30,-0.013145010367875874,-0.007085948930284084,-0.0071827367648330765,0.003787272114281592,2
2015-12-31,-0.019381516657170795,-0.019312533856740727,-0.008444966400699225,0.00803185157604771,3
2016-01-04,0.0008546418519558616,-0.059276317391402614,-0.030495486584594507,-0.07167199374655636,0
2016-01-05,-0.025378376808826496,-0.0050362826582582305,0.0017276904900284291,8.951101253942103e-05,1
2016-01-06,-0.01976386381600813,-0.0018003578167065514,-0.014541239902419033,-0.019843788561297093,2
2016-01-07,-0.043121090084983556,-0.039841165185002386,-0.04127987792668809,-0.015597626568759423,3
2016-01-08,0.0052737272340404925,-0.0014649816495862417,-0.022653917709803496,-0.021798618902587004,4
2016-01-11,0.016062585822958386,0.017456438647195635,-0.0015286485273054077,-0.015041470598887025,0
2016-01-12,0.01440914032172771,0.00024284299430716287,0.002207185129616883,0.010148015367819617,1
2016-01-13,-0.026046653238533397,-0.06016654204035878,-0.027860528736037813,-0.04709850033150001,2
2016-01-14,0.021635026456194945,0.0190504563776785,0.014886870031650084,0.02888335550021133,3
2016-01-15,-0.024308294546681423,-0.03924225838410732,-0.02013259276881602,-0.005788304635901255,4
2016-01-19,-0.004850622847861168,0.007513188458676298,-0.0005264319375499703,-0.0013180497358616836,1
2016-01-20,0.001344114135556638,-0.004728536149936751,-0.026663081679643687,-0.02984700672603167,2
2016-01-21,-0.0050752927792183005,0.005668023638552371,-0.004694830064115939,0.006371174528862555,3
2016-01-22,0.051801799649022186,0.03647325227997746,0.030305184241732033,0.012819409432011437,4
2016-01-25,-0.019715773313254532,0.0002514756298703957,-0.022912078517574486,-0.030935193433109923,0
2016-01-26,0.005515454188529215,0.007881289814971014,0.025192218607392864,-0.014463994522802691,1
2016-01-27,-0.06796457860382141,-0.030223487844411107,-0.0007009806502406946,-0.028773321328083013,2
2016-01-28,0.007146202227205816,0.08538869217334837,0.0041987947964456165,0.00862962340794968,3
2016-01-29,0.0339584836988041,-0.07915119292354683,0.038024691062501115,0.007876153690118506,4
2016-02-01,-0.00939245260099377,-0.020985298936447353,-0.010814525133566625,0.029579034008357437,0
2016-02-02,-0.02042933017001742,-0.04031036118155143,-0.03158417279022945,-0.07461581641391855,1
2016-02-03,0.019598956672308362,-0.03883536271861415,0.006640763254442404,-0.05222091533974821,2
2016-02-04,0.008003092965467107,0.009725297854782525,0.017097315558701167,0.01060764461422636,3
2016-02-05,-0.027071324991587983,-0.06576003261553948,-0.011192032489528355,-0.07537675524991229,4
2016-02-08,0.010474502260177262,-0.028338744199446216,-0.021175116056662106,-0.09414848949038832,0
2016-02-09,-0.00021020388656447725,-0.01243098411350577,-0.006031954139116574,0.0017553033123812,1
2016-02-10,-0.007608811514222015,0.017295163383573304,-0.012173268303491289,-0.03138101482046277,2
2016-02-11,-0.006064810695527418,0.02683455051919019,-0.04513149795053868,0.0462446823259849,3
2016-02-12,0.0030902771213331616,0.0064497248637008404,0.07999899788908409,0.0037809843708239777,4
2016-02-16,0.027804341305996776,0.02727318794641811,0.014848576925123752,0.026976687450607925,1
2016-02-17,0.015198664881431814,0.02464111086088663,0.007172094953269109,0.08348200981104029,2
2016-02-18,-0.019138443763202354,-0.01718482189718473,-0.016469855303700032,-0.01138775377170307,3
2016-02-19,-0.0022883580026294677,0.018681582324656512,0.0001731084373437548,-0.0011399463291754239,4
2016-02-22,0.008708536155782693,0.04496369647179335,0.012887849562774154,0.06484609004893599,0
2016-02-23,-0.0228644857434312,-0.01179406802845524,-0.04273043525288712,-0.002986283132399764,1
2016-02-24,0.014780590657615132,0.0019874008292603204,0.00035634218212899553,0.01005033020281575,2
2016-02-25,0.006844464497495573,0.002001462317041723,0.015377890860356229,0.04601958194893397,3
2016-02-26,0.0015492223191500407,0.0001440843730898221,0.009253787238606063,0.015406524266142536,4
2016-02-29,-0.0022729044914802164,-0.004892808931288433,-0.021785769887584967,0.00831877164214484,0
2016-03-01,0.03894597742187839,0.046881936272885824,0.05022709234562332,-0.029504076406392032,1
2016-03-02,0.0021864314326648917,0.0020185571762998634,0.009415023765933912,0.010622208018402699,2
2016-03-03,0.007416199721608852,-0.0046989696560619815,0.003341296469480328,0.03853837259694783,3
2016-03-04,0.014767204570291355,-0.0040776473798696386,0.0014998610871700296,0.026716728273089435,4
2016-03-07,-0.011128654750805102,-0.021689184810563263,-0.001833497155043814,0.02091968264788571,0
2016-03-08,-0.008279771838693967,-0.004523324423672128,-0.01954241339303605,-0.013189977507998208,1
2016-03-09,0.0008905236964242201,-0.0014110972070344532,0.005767617900088153,0.029760047444229165,2
2016-03-10,0.0004942077783382288,-0.0009656123733343161,-0.008663949537771531,-0.017106002057076044,3
2016-03-11,0.01071652299933571,0.018927620860452448,0.012378224586487727,0.011243644655794076,4
2016-03-14,0.0025389629813035134,0.006579373578707948,-0.0037142750487162285,0.03620413638831722,0
2016-03-15,0.01989465102130283,0.006345658149205671,0.0013521113254071297,0.01471801100064954,1
2016-03-16,0.01320370266929758,-0.004777285551767826,-0.004740962888202156,0.016308524049824493,2
2016-03-17,-0.0016057239495845517,-0.026163348823340673,-0.002889525525444852,0.019853015580359887,3
2016-03-18,0.0011336682944248202,-0.013243321130635607,0.029021675257977362,0.02770693369392232,4
2016-03-21,-9.423094148377797e-05,0.003435596899328257,-0.0003305182923371066,0.023692341709192745,0
2016-03-22,0.007619010020626507,0.011665001910245174,-0.003645509856962971,-0.017268037103027073,1
2016-03-23,-0.005544006405865495,0.01619348377708438,-0.004992474527489653,-0.051059637668835235,2
2016-03-24,-0.004343761122006928,0.023114338753498484,-0.007703923391573066,0.022961935986388595,3
2016-03-28,-0.004552614754560091,-0.0052974559029092295,-0.0013460794343155297,0.010960586620732325,0
2016-03-29,0.023395553223835675,0.02383969600342797,-0.006248520485571666,-0.0005647598115707201,1
2016-03-30,0.017308587133524813,0.008100298200387797,0.011453644500904787,-0.014179021867915434,2
2016-03-31,-0.005216358458639412,-0.008470877974365666,-0.008239999487137549,0.012613452861511764,3
2016-04-01,0.00913334135052065,0.008153451207283656,0.010916232813983366,0.03346765340533194,4
2016-04-04,0.010221108270134888,-0.008911742986402993,-0.0038778848282774005,0.0388013743491128,0
2016-04-05,-0.01185906064791099,-0.01195611469764253,-0.014290663106437491,0.03375719467788817,1
2016-04-06,0.010418523246059819,0.026831688067412804,0.007681330881535457,0.03820852140938891,2
2016-04-07,-0.022051025233049387,-0.017846970350456674,-0.025662348316009064,-0.03145950214721641,3
2016-04-08,0.0011048323446116277,0.005345535630746494,0.0073005772000851584,-0.02811316237550365,4
2016-04-11,0.0033075785343801302,0.0022342902436338235,0.007935146169871694,-0.000600025756279789,0
2016-04-12,0.01294095796557629,0.012075917560596302,0.018386905491364514,-0.008438153646491461,1
2016-04-13,0.014383660665439764,0.01913041375415018,0.041469429470883674,0.026715974419241527,2
2016-04-14,0.0005353870420262151,0.00959891995387111,0.012863869536182643,-0.010545300037645535,3
2016-04-15,-0.020275505646010092,0.008246211345508382,-0.011570074787939151,0.010466726443964266,4
2016-04-18,-0.02181116054475291,0.015001377724516572,0.006444303375479485,-0.0024784027649427595,0
2016-04-19,-0.0053174197481429845,-0.011795093048061929,0.01672151909606141,-0.025976524355888778,1
2016-04-20,0.002055693464377519,0.008073688155408782,0.014424694398297494,0.010455766684840656,2
2016-04-21,-0.010887034103531949,-0.003148782496958384,-0.01001232523768812,-0.006743463134253233,3
2016-04-22,-0.0027405991426573888,-0.016780246010194188,0.0058007253085570944,0.021752130220696962,4
2016-04-25,-0.005693374762151396,0.009144199486108597,-0.005800725308557187,-0.007635052586515022,0
2016-04-26,-0.006971239143731418,-0.01499528076288244,0.00517503971627617,0.007595589425314437,1
2016-04-27,-0.06462148619402144,-0.016854348372268575,0.002811692186695274,-0.008986393867576518,2
2016-04-28,-0.031043520452982233,-0.007562704717826353,-0.007986731902971493,-0.015065045092183262,3
2016-04-29,-0.01156077382158779,0.09136096633272921,-0.006309349487493779,-0.028458107849049553,4
2016-05-02,-0.0010671545825699346,0.036120202250886815,0.00929206477839289,0.004310394689883249,0
2016-05-03,0.01631176402459511,-0.018492646756634798,-0.019470228806053938,-0.03999526402448902,1
2016-05-04,-0.01045560657807326,-0.0006259398253998102,-0.015951467964783382,-0.04291903900749786,2
2016-05-05,-0.004067355600013565,-0.017759996103670374,-0.005374016169492212,-0.05082983803980337,3
2016-05-06,-0.00559251953988169,0.02229583049430125,0.005861119360662203,0.015945545968543053,4
2016-05-09,0.0007546061000984493,0.008569186690485535,-0.006351249237003623,-0.028360959252312884,0
2016-05-10,0.006766580143819212,0.033731387760508734,0.013468704398698331,-0.0011014949326037086,1
2016-05-11,-0.00978860828985249,0.014347472831843011,-0.003713877077889892,0.0012929235721038251,2
2016-05-12,-0.023736498132070693,0.0065681394001179914,-0.0006475577356356773,-0.008072274349868633,3
2016-05-13,0.0019904245160584258,-0.011219818993391717,-0.009270645389937403,0.0015907370455505534,4
2016-05-16,0.036446881450075734,0.0010419002709790468,0.007488200914774728,0.0032699891352643744,0
2016-05-17,-0.0041631559517458505,-0.021893876858918856,0.0,-0.01758124678436267,1
2016-05-18,0.011380275165228229,0.003130600442517069,0.03787239518383039,0.03131343159274645,2
2016-05-19,-0.0038146891327708104,0.0015329075805936736,-0.010201641226299808,0.018950768032964343,3
2016-05-20,0.010770083689090264,0.006108565444622202,0.0018909863989001459,0.02328518965413239,4
2016-05-23,0.012627585948957307,-0.008645628781849027,-0.0007873065460994259,-0.018603018878406003,0
2016-05-24,0.015128902730782021,0.010635670557085685,0.016875425235562475,0.007785688457859806,1
2016-05-25,0.017416327938970532,0.0058759281815327965,0.01507036612885636,0.007634532429218333,2
2016-05-26,0.00789880347704456,0.009218314179923586,-0.007506832110505686,0.024916957414126993,3
2016-05-27,-0.0005975418330823019,-0.003741703526223667,0.00613188558670174,-0.009282495150154764,4
2016-05-31,-0.004894916255284974,0.014703794693496877,-0.0024482135799664476,0.0008515049013149798,1
2016-06-01,-0.014118867691264903,-0.00464557924802742,0.006414351658977425,-0.01657711283877643,2
2016-06-02,-0.007544218939415724,0.012157494834424692,0.0018249889035242815,-0.0027364764140605756,3
2016-06-03,0.0020446757309018765,-0.003714412862365348,-0.017938255432024246,0.00013699201551336878,4
2016-06-06,0.007224883814753153,0.001638754436637447,0.009852103941851913,0.007687650354747568,0
2016-06-07,0.0040473088111454515,-0.004122751952452871,-0.0033756688787433035,0.05148812328405689,1
2016-06-08,-0.0009091559548415279,0.003998969897112789,0.002916183804324232,0.013594012809874581,2
2016-06-09,0.007150159891718749,0.0013889656182546066,-0.0076922781781429755,-0.026503001317736564,3
2016-06-10,-0.008262653143400292,-0.013475936868213923,-0.014153770111266588,-0.047180419918366065,4
2016-06-13,-0.015191159452871627,-0.003726038382165039,-0.00896885049719656,-0.004213833134398357,0
2016-06-14,0.0012317338796547115,0.005660341395014478,-0.018987250480512086,-0.013446607255840357,1
2016-06-15,-0.003288777434906516,-0.007031444367638922,-0.0017735356462710598,0.012666011752708678,2
2016-06-16,0.004212162972275479,0.0045398004146631095,0.0040261795381156705,0.0010559968563871652,3
2016-06-17,-0.02302069628781608,-0.015619385122896904,0.0009637191651454827,-0.011352256561249705,4
2016-06-20,-0.002415550338433498,0.010729489480786948,0.0014438794687547738,0.01944126218129586,0
2016-06-21,0.008481218585787608,0.0025317674181925638,0.009256623876574511,-0.0004097037520193879,1
2016-06-22,-0.003760806235219432,-0.00731909970913789,-0.0038198501199466187,-0.11037687386846473,2
2016-06-23,0.005739848173223077,0.016026289384540253,0.021143123342268942,-0.001323003098034977,3
2016-06-24,-0.028497994731213956,-0.03254236935774068,-0.0720084278683782,-0.0166862723601002,4
2016-06-27,-0.014668316551807547,-0.010932874119620612,-0.03395954805425449,0.02757384177571996,0
2016-06-28,0.01670057820654151,0.02371274872966297,0.0326162759447571,0.01618663648550845,1
2016-06-29,0.008617646241899514,0.010747873650852587,0.027834739636687453,0.04078429108931338,2
2016-06-30,0.0126314145401558,2.793283283991869e-05,0.015242872392136012,0.009894302036775618,3
2016-07-01,0.0030290867332012673,0.013959906890177258,-0.0065083763089239955,0.019684363698009858,4
2016-07-05,-0.00943002704685576,0.0033292106288024307,-0.028310923712554288,-0.011708010190005998,1
2016-07-06,0.0056686980749940065,0.012976883279012188,0.010689644131352951,0.002147404214086661,2
2016-07-07,0.0042826501729904595,-0.0014110071229049223,0.006458700656097168,0.0069706390878116345,3
2016-07-08,0.007683477742717753,0.012466649235593598,0.020424065878765617,0.003882406200045303,4
2016-07-11,0.0030983720793467486,0.010629633120740091,0.00709105892730003,0.03623916222812251,0
2016-07-12,0.004526605694417988,-0.007416850567350355,0.01482449724242387,-0.0005784686275882068,1
2016-07-13,-0.005661422721517772,-0.007485729713040711,-0.000632796655091323,-0.009481791981114011,2
2016-07-14,0.01962628429208824,-0.0019274146344338784,0.015084693519342647,-0.004503834745166498,3
2016-07-15,-0.00010126898356813168,-0.007801589339770667,0.0009354970112306964,-0.005114025755905355,4
2016-07-18,0.010573612197384228,0.0008563114551830428,-0.003433541833411176,0.02619652922656733,0
2016-07-19,0.00040058757854971095,0.005257399883838424,-0.0015648105206699536,-0.004385291037032523,1
2016-07-20,0.0009009453071347586,0.0077675223360477675,0.0010956012409034399,0.013668059125303526,2
2016-07-21,-0.005316427900041545,-0.0017313402742775172,-0.003761465948282841,-0.035025647680890844,3
2016-07-22,-0.007773981282040682,0.0005774465487074925,0.005480207742032269,0.007995166372593208,4
2016-07-25,-0.013469652958941534,-0.007073281638809294,-0.0026582079763504923,0.03422991407229569,0
2016-07-26,-0.006906959213370974,-0.005450127867068349,0.004062684404798641,-0.0021761515127662386,1
2016-07-27,0.06294023208627979,0.0014671556638082637,0.0031142618315897212,-0.004454145276064341,2
2016-07-28,0.013411281496696872,0.0214071581925869,-0.003582073087026276,0.009235480159939757,3
2016-07-29,-0.001246541519363876,0.008204186814807538,-0.0020298435048443685,0.01796357608986491,4
2016-08-01,0.01750248142933199,0.011699787950620771,-0.002661428979217368,-0.020568759460974036,0
2016-08-02,-0.014914956138373302,-0.00936987872916021,-0.002353759962885933,-0.012292084744154984,1
2016-08-03,0.012460274770058576,-0.007840509370718434,0.015743561884937803,-0.006225314026186318,2
2016-08-04,0.0061584236238831,0.00809035091420748,-0.0015478572296967197,0.021122582141450387,3
2016-08-05,0.015092868897156577,0.006824930154292793,0.026595112077371193,-0.0025182407097393686,4
2016-08-08,0.008246631686180608,0.0007568958830049434,-0.0030213626551271583,-0.01696698387372854,0
2016-08-09,0.004051925681923694,0.0022803641761202646,-0.0034855375670632656,0.012828586863653185,1
2016-08-10,-0.007472058109651855,0.0003253564118527587,-0.008997565661213678,-0.015086200330822553,2
2016-08-11,-0.0006484325946283516,0.0034809456613437103,0.0027536616041926995,-0.0032847564907199237,3
2016-08-12,0.0023138585307996306,0.0017100167029187637,-0.002141030771335654,0.003107487947433554,4
2016-08-15,0.011945094496046004,-0.005282095171927685,0.006105152817323351,-8.864605708714757e-05,0
2016-08-16,-0.0009137461005864588,-0.005807402795085379,-0.00015219046639903378,-0.008815727347136438,1
2016-08-17,-0.0014635495283224457,0.0007718881392052844,0.0027356660298093523,-0.0016560451065990524,2
2016-08-18,-0.0012826326752160026,-0.00022233212519353119,0.0009100034545202341,0.0012087703175120027,3
2016-08-19,0.0025635461104740616,-0.009396973130926274,-0.0013654658907732919,0.006644211263916558,4
2016-08-22,-0.007802821372190865,0.0028612449459098515,-0.0009116227421247054,-0.00924255005263713,0
2016-08-23,0.0031282087428285868,0.003903005725525535,-0.00045608566011584573,0.00853117393603597,1
2016-08-24,-0.007561864786044927,-0.006843538827050335,0.002733174293013812,-0.009922740252936879,2
2016-08-25,-0.004267071613959496,0.0025981221230235232,0.0018178253597108391,-0.0074845657889114426,3
2016-08-26,-0.005873998303266059,0.012799437467918376,0.0022677937596311294,-0.004399604302090485,4
2016-08-29,-0.001122515669214974,0.00297341989587572,0.010963444436427772,-0.02201424402684505,0
2016-08-30,-0.007706045193476349,-0.004821658543237256,0.008181624483050747,-0.018099714132295525,1
2016-08-31,0.0009427115104959347,0.002056264342905858,0.0,0.003165273370958645,2
2016-09-01,0.005920443578484995,0.0018963246763828443,-0.004305260388141879,-0.054473402159251165,3
2016-09-02,0.00932569586592049,0.002359038801240371,0.004157010338477981,-0.015004733126627411,4
2016-09-06,-0.0002785114940354974,0.021047176376332754,-0.0007408477642737311,0.025212917233931806,1
2016-09-07,0.0061094057204979626,-0.005580501891665515,-0.004160612379746863,-0.0055371904013921695,2
2016-09-08,-0.0265585467058438,-0.0005355275465747367,0.0013388324117087926,-0.02180154718867815,3
2016-09-09,-0.022909996786946243,-0.030982899420211922,-0.00896157077264538,-0.014751515384118504,4
2016-09-12,0.022151325386916394,0.014821110815878372,0.00613261595818793,0.019503095795038304,0
2016-09-13,0.023526297594826554,-0.013677265744095248,-0.007934681979207093,-0.011411350335593517,1
2016-09-14,0.03477495560832911,0.00010516043517248254,-0.0019557796569451827,0.001834595244160918,2
2016-09-15,0.03343350903973038,0.011236227831538258,0.003607778953570725,0.02021083106903116,3
2016-09-16,-0.005640146774528098,0.011406788285257588,-0.012381394844290116,0.024544117504949954,4
2016-09-19,-0.011729185125672387,-0.004402566814648825,0.005605798159413408,0.004566012851566515,0
2016-09-20,-8.775366758728963e-05,0.006583891027160265,0.004070834833119555,-0.008272913229984902,1
2016-09-21,-0.0001761909394790493,0.012127793126189479,0.005701604192181589,0.0028301711415208205,2
2016-09-22,0.009379144188371222,0.018765787320231292,0.00819459179593174,0.005878858010439563,3
2016-09-23,-0.01680415718636414,0.0013039304990443952,-0.002079796639317166,0.004928963281630946,4
2016-09-26,0.001506857089400352,-0.008212302206602198,-0.02210078271957635,0.0073960706991632015,0
2016-09-27,0.0018589411368452383,0.02098796993412601,0.008778554209173539,-0.01533298293697985,1
2016-09-28,0.007575686197206641,0.01533321108700042,0.005260659505777887,0.002232554158387619,2
2016-09-29,-0.01565488693984271,0.0003980905879389607,-0.016017389796256994,-0.027374718827468385,3
2016-09-30,0.007725291773142666,0.00991395359780236,0.014216501359069206,0.016455794888206192,4
2016-10-03,-0.00469926833029535,-0.000680973764983831,-0.0012018767939870562,0.04630612003964714,0
2016-10-04,0.0042570377676109375,-0.003244060584881268,0.008595455354863788,-0.010773813020036825,1
2016-10-05,0.0004422305626842986,0.012309537046675428,0.016233739951616432,-0.014052203493637089,2
2016-10-06,0.007402912111429541,-0.0032027719489173745,0.002655683028912402,-0.03644228317841945,3
2016-10-07,0.0014916218503934374,-0.0026530370416345253,0.0035297594265704195,-0.02208281991917614,4
2016-10-10,0.017296716547926874,0.0027124090570468744,0.007751536527285596,0.021834050782377223,0
2016-10-11,0.0021517016561678026,-0.012805732090881757,-0.0048192350173800625,-0.004238857426326262,1
2016-10-12,0.008902603963432235,0.003711492733645314,-0.00263869852230233,0.007021756054656237,2
2016-10-13,-0.0030727809507731835,-0.0057833978576955014,-0.005740539418220523,-0.006322401203487133,3
2016-10-14,0.005541171395011439,-0.0076503034711685606,-0.0032531798387959152,-0.018803261849532977,4
2016-10-17,-0.0006801142743542132,-0.012237983380288042,-0.005197009437080269,-0.013061373928427513,0
2016-10-18,-0.0006810027831991342,0.005764780195714339,0.007859297727463953,0.0261551834057357,1
2016-10-19,-0.002983847115297944,4.8892619500871804e-05,0.009555243751445175,0.022153690439827626,2
2016-10-20,-0.0005124952041283414,-0.009054054577124018,-0.0013170966087081117,-0.022153690439827765,3
2016-10-21,-0.003937403722504301,0.01064269634871374,0.00336366486850729,0.004960053389270265,4
2016-10-24,0.008964943373036894,0.023053571602289605,0.005532983745828517,0.013255782319386055,0
2016-10-25,0.005087241556401812,-0.003478227265262898,-0.0010169006096003158,-0.0020735538234807234,1
2016-10-26,-0.02275197282181942,-0.015189311648635701,0.004784567494207702,-0.0004943039876348087,2
2016-10-27,-0.009649487096505266,-0.0051556121052989895,0.0014458051937791213,0.008713903341231828,3
2016-10-28,-0.006660526646853138,-0.05273746462714735,-0.0017351604857521355,-0.02000169442078207,4
2016-10-31,-0.001584228511825964,0.01724024493034881,0.0021685867718856887,-0.011264866438009788,0
2016-11-01,-0.018220289385924866,-0.005599220899880221,-0.0041964926466221434,-0.03572917933325974,1
2016-11-02,0.0008965353992327703,-0.025598290110372974,-0.004213320729906967,-0.014624928607686303,2
2016-11-03,-0.01077658844395317,0.0019183632456770188,-0.004377703185463003,-0.003196249312682956,3
2016-11-04,-0.00905484100191921,-0.01574201638086665,-0.0091081520216177,0.016615024207768756,4
2016-11-07,0.014321860277653352,0.038810557775781754,0.0308070143385221,0.013810542565551824,0
2016-11-08,0.005869824666058116,0.0035863063860561476,0.0021449972693390993,0.00891415581055783,1
2016-11-09,-0.0016220606142410936,-0.020351656616763452,0.04495415002652173,-0.025352027226253862,2
2016-11-10,-0.028263765308381334,-0.038967915913410055,0.04537116891965458,-0.025093892626658953,3
2016-11-11,0.005920093689878738,-0.004549761606454742,0.0005221701638066523,0.017170385007960295,4
2016-11-14,-0.025405283855839362,-0.027352787702499593,0.036111633966977946,-0.038436121205856384,0
2016-11-15,0.013156823048942157,0.03306029552684798,-0.0018889450452633503,0.012704782652867827,1
2016-11-16,0.026532960402796076,0.004363275146409244,-0.025007537770020273,0.0008702894675928638,2
2016-11-17,-0.00036353457631492595,0.013188079873534401,0.007978390419831742,0.025391205236001236,3
2016-11-18,0.0009999672233859881,0.004958593467895289,-0.003981206843618016,-0.01948249147007289,4
2016-11-21,0.015059439263653312,0.02576499750060365,0.004365685630312359,-0.0027061047139539498,0
2016-11-22,0.0006262277461524963,0.006810055400562269,0.006131204092057711,0.03540524853286966,1
2016-11-23,-0.005111320578566059,-0.006656207779334262,0.0041933038278619324,0.01025223107104114,2
2016-11-25,0.005021883478261867,0.00032043172998065663,-0.0003806533022954083,0.01801012674719332,4
2016-11-28,-0.0019697912907917898,-0.017581286787268918,-0.006490557090387615,-0.002698732176917293,0
2016-11-29,-0.0009865013538724059,-0.00555818900972278,0.00763170980818335,-0.03396842788447338,1
2016-11-30,-0.008469158747151422,-0.015795815932649296,0.015714666956364844,-0.000897103679257112,2
2016-12-01,-0.009363342976686754,-0.00926244199288748,0.02000583867334902,-0.04051412131070505,3
2016-12-02,0.0037376536152832927,-0.004460971341376137,-0.0023257815519380247,-0.0022567721671120783,4
2016-12-05,-0.007214226003688175,0.02536643989167638,0.02013879758276193,0.028948175607045757,0
2016-12-06,0.007669169624019565,0.0070338214891637295,0.005151402373138609,-0.00509856662561987,1
2016-12-07,0.009774643761068673,0.007426062958447493,0.004530749665596805,0.03852719230925342,2
2016-12-08,0.009769427885391981,-0.00401883948276949,0.012411484644621927,-0.004462487636317286,3
2016-12-09,0.016189992620462345,0.0017317253309034146,0.004338038022393376,-0.0005721748391663005,4
2016-12-12,-0.005720819448183385,-0.011172374954761082,-0.008929780402531319,0.0012999985316770307,0
2016-12-13,0.016543954842524133,0.018534699983371306,0.0003537468767985674,0.029291869705805433,1
2016-12-14,0.0,-0.007154108080486952,-0.00035374687679850495,0.0027215205279540696,2
2016-12-15,0.005453929479585632,-0.010223583295772014,0.014877134463391095,-0.005602282648722401,3
2016-12-16,0.0012944544831333805,-0.00425342265351657,-0.012401798406795112,0.024546945787166506,4
2016-12-19,0.005760934258227265,0.010802234663303009,0.005752066623409516,0.0011845266232092116,0
2016-12-20,0.0026542131430468607,0.006791548117604901,0.012793823749095547,0.02945393828004214,1
2016-12-21,0.000940001065477668,-0.0008042974279366171,0.0025393299732671395,-0.0052341952141298845,2
2016-12-22,-0.006599494553680913,-0.005543429974597146,0.001612268314642035,0.003604418381943262,3
2016-12-23,0.0019756594914434223,-0.007531547519569064,0.0018398495379452176,0.023187948121137215,4
2016-12-27,0.006330879529689191,0.014112614845866555,0.0009184881073647121,0.02860173646003059,1
2016-12-28,-0.00427290987077641,0.0009458585685835312,-0.007256785640258784,0.0009561276882604774,2
2016-12-29,-0.00025686378410536925,-0.00908101137029574,-0.007076774709083511,-0.023296440031678762,3
2016-12-30,-0.007826873762455215,-0.020172033398638423,0.004645793309960302,-0.004622179490254591,4
2017-01-03,0.00284559129415141,0.005054711838838558,0.010834776417530445,0.015324855095268295,1
2017-01-04,-0.0011200002542028045,0.00464647301631583,0.0018426719209419897,0.04505471633347787,2
2017-01-05,0.005072527406056871,0.030269616426223996,-0.009247389617445501,-0.001057861030955868,3
2017-01-06,0.01108654235612936,0.019715957739975132,0.00011619393528301311,0.009917553493924881,4
2017-01-09,0.009117835761242367,0.001167703507288725,0.0006962012486120946,0.009863458023055665,0
2017-01-10,0.001008049683491361,-0.0012808103905381707,0.0028969866342802414,-0.006115156941657509,1
2017-01-11,0.005358823910102121,0.003912478289611972,0.007492203444052028,-0.0006092435195030356,2
2017-01-12,-0.0041842226377043455,0.018132006141166754,-0.00969290776209041,-0.000609614923456095,3
2017-01-13,-0.0017624545204148509,0.004292412484765232,0.005319831590215608,0.03492463195369908,4
2017-01-17,0.008031964986195994,-0.009121890314228257,-0.03700863662108357,-0.009169203719983601,1
2017-01-18,-8.325621774162447e-05,-0.0027702098070148586,0.00465678810113755,0.011731632670332903,2
2017-01-19,-0.0017515756587449722,0.0019300507014308483,-0.007653550371066035,0.022402035945969845,3
2017-01-20,0.0018348318764866607,-0.0008779580464918789,0.004431814683085867,0.003971315219317114,4
2017-01-23,0.000666628842970917,0.011745257952587861,0.00047801003309559827,0.016976100373868687,0
2017-01-24,-0.0009162800805231048,0.005559920523586129,0.011992975677004372,0.022601411503190925,1
2017-01-25,0.015794776137542488,0.01697486266869307,0.015344731736081706,-0.0005500843249134191,2
2017-01-26,0.0004924385016394604,0.0031390512706332713,0.00833407536789545,-0.0077321030234220765,3
2017-01-27,8.199285891671257e-05,-0.004035988422900606,0.002073131962390106,0.0017409759146729197,4
2017-01-30,-0.0026272480881679204,-0.0064700456424170135,-0.010407207330285545,-0.009213992922049127,0
2017-01-31,-0.0023049449053635447,-0.008344194046237697,-0.016407340151340502,0.0051734895114166285,1
2017-02-01,0.05919352740273074,0.010713775220083516,0.003773669463330872,-0.010735061799641487,2
2017-02-02,-0.0017100922270397764,0.009089366182682778,-0.00424648189343553,0.009225563392159148,3
2017-02-03,0.0042700166774787525,-0.036061309620379046,0.030158715957446416,-0.0008750106521047401,4
2017-02-06,0.009330294588036568,-0.003164675408744075,-0.004713940145669126,0.025300974445146132,0
2017-02-07,0.009472249776593274,0.005999500277441461,-0.0005761881988889651,-0.0011257522514144802,1
2017-02-08,0.0038701020056163484,0.008834713156431634,-0.008802473923672399,0.017707791875794108,2
2017-02-09,0.007199961332546394,0.0020108949509514123,0.014322236814194388,0.026804792953342108,3
2017-02-10,-0.002268033825843342,0.007399271957367783,-0.0022961436135339516,0.00011148015529282554,4
2017-02-13,0.00881645954430903,0.010901587773773527,0.013131814605295639,0.04136410186266171,0
2017-02-14,0.012896045996511209,-0.00016737129107008493,0.01586891764849735,0.0013533285363129279,1
2017-02-15,0.0036221314535132016,0.007515972191507316,0.011434801248644703,-0.00435139031446982,2
2017-02-16,-0.0011812188992233249,0.0017073920274126317,-0.0006625137036541572,-0.03940661510481738,3
2017-02-17,0.002729701373196873,0.0011011339720115034,-0.003319384591004293,0.012121775789011094,4
2017-02-21,0.007194876454790955,0.013364721046281957,0.008607244897015547,0.018777153847110366,1
2017-02-22,0.0029945246608781523,-0.0009696000983505087,0.000549464072109471,-0.014086292115606103,2
2017-02-23,-0.004239095309507946,-0.004005102457664227,0.0007684645989467525,-0.06619976293766883,3
2017-02-24,0.0009518911372466811,-0.008188892182268277,-0.008817811224477386,0.0039376971511312624,4
2017-02-27,0.0019734742179981116,0.004014414167614488,0.001106676676687777,-0.042810051837845475,0
2017-02-28,0.0004381218643735411,-0.004251111904897895,0.002099274460606215,0.015154913399975685,1
2017-03-01,0.020233615114207373,0.009469376476098914,0.03235497697368794,0.00011993168485901984,2
2017-03-02,-0.0059551826329253595,-0.0049001540247000505,-0.015721062043305888,0.0018382577734033126,3
2017-03-03,0.005883844752362415,0.001141990874290171,0.007137888719421404,0.004342173871295661,4
2017-03-06,-0.0031533944967900556,-0.0038549741001917565,-0.009528587500952658,-0.0014320481056087722,0
2017-03-07,0.0012913777534720437,-0.0006972077716298652,-0.005563496154499316,-0.01048433133048071,1
2017-03-08,-0.003734110867932714,0.00528147875098045,-0.0021905968217029647,-0.006943029517876438,2
2017-03-09,-0.0023047726418931737,0.0029351355505987326,0.003939306242023066,-0.008011860916409338,3
2017-03-10,0.003311605860411124,-0.0006332702571133847,-0.003172104801839291,-0.004953088918532334,4
2017-03-13,0.0004311051055682935,0.0024955044641490533,0.0008761425174080175,0.01012539541037759,0
2017-03-14,-0.001509919241334513,-0.002413437651246342,0.0016406478083237674,0.046937290291773334,1
2017-03-15,0.010520575729739353,0.0005159627137938516,0.0024012902008176264,-0.008837356078796606,2
2017-03-16,0.001636601316006384,0.0005274972239583946,-0.000981789428778142,0.024413012744144803,3
2017-03-17,-0.004987559113437697,-0.0013014964034150063,-0.010531082598339578,-0.0021010534960668706,4
2017-03-20,0.010445808151914067,0.005452552411117806,-0.007193906786218139,0.0016048232088261534,0
2017-03-21,-0.01151830402458922,-0.01619872160184447,-0.029762263332650578,-0.04386183669150123,1
2017-03-22,0.011235007404890716,0.005747210959233595,0.001600807480495713,0.01712559436469392,2
2017-03-23,-0.003541728137501337,-0.0008021610628207483,-0.0016008074804955824,-0.0009024353569705339,3
2017-03-24,-0.0019886211769613725,-0.002090999023365736,-0.0011445260583885948,0.032361869904410125,4
2017-03-27,0.0017051762399253048,0.0014299228988936064,-0.0005730899988589419,0.026474241022969476,0
2017-03-28,0.020514996094232064,0.010782210376272581,0.015468943127166115,0.02640431249256799,1
2017-03-29,0.002222457729033873,0.021176073977231178,-0.0037316072619551495,-0.0002523628087131931,2
2017-03-30,-0.0013190709313141932,0.0023077418398893506,0.008573101227901432,0.0019448573202456316,3
2017-03-31,-0.0018776911782152218,0.011572064053437572,-0.013456604237476315,0.0013663698860456703,4
2017-04-03,0.0002781905361111552,0.005590427057615806,-0.0036496200082156488,0.070137242448815,0
2017-04-04,0.007418748044392747,0.0170383214046624,0.0033272610709098576,0.017203522847955472,1
2017-04-05,-0.005194400504705106,0.002698106338604271,-0.01291089933696919,-0.02906501009148396,2
2017-04-06,-0.0025025380757988003,-0.012171236662741317,0.0033590236141878356,0.012464332322556943,3
2017-04-07,-0.0022299272439698335,-0.003792236846299923,-0.003475247494815773,0.012773705710770768,4
2017-04-10,-0.0011869411604590728,0.013496957340826888,-0.0034869153279630275,0.032038958438399955,0
2017-04-11,-0.0108147729511654,-0.005173022622662573,-0.0017481408635065746,-0.011850052290564796,1
2017-04-12,0.0011997231521130552,-0.006816465475626657,-0.0038567236841495684,-0.039209091560892646,2
2017-04-13,-0.005302901979168999,-0.012982362180291775,-0.01177878825295514,0.02383441524190169,3
2017-04-17,0.005514550667353017,0.019388679242407184,0.01715069114151211,-0.00845666406090481,0
2017-04-18,-0.004451718223812434,0.0019825439257081605,-0.008186102858586952,-0.0039555765419476896,1
2017-04-19,-0.0036895995372330224,-0.005080490932540684,-0.008254013046014403,0.01739979616054783,2
2017-04-20,0.012433067644505316,0.0031755921300895573,0.012823103069971371,-0.009900896273072043,3
2017-04-21,-0.0011944452935903778,-0.003920991580964202,-0.012112688209477801,0.01016269167415908,4
2017-04-24,0.009583553282559783,0.00983429874612701,0.03465058246911666,0.007920155624319988,0
2017-04-25,0.006177030156871772,0.0002314421627079044,0.008648023919329681,0.018526737287367458,1
2017-04-26,-0.005898685933142136,0.0018382843639346154,0.0019244253505554506,-0.011603422813120651,2
2017-04-27,0.0007652196020587469,0.009947135813499207,-0.009315984806197213,-0.004977395109534086,3
2017-04-28,-0.0009740279718384078,0.00717171217012917,-0.006987181844785144,0.01747276307599213,4
2017-05-01,0.020191853146658462,0.024814135682882283,0.0006892354973521523,0.027509961221330346,0
2017-05-02,0.006324512787470509,-0.001361332480141284,-0.006452983379535458,-0.012279655191125689,1
2017-05-03,-0.0030552573625221356,-0.006260749456835918,0.005763747882183217,-0.024988957514322178,2
2017-05-04,-0.003610481708090053,-0.0037262465726880887,0.0011483507270239363,-0.05132381079141148,3
2017-05-05,0.0164476702822271,-0.0036117050485217394,-0.001148350727023874,0.042702117996785756,4
2017-05-08,0.026825065314802006,0.01581390557197806,0.0011483507270239363,-0.003769058367984145,0
2017-05-09,0.006384881389357606,0.00397504396457471,-0.004026183853379613,0.044784301481289424,1
2017-05-10,-0.0047521670623158815,-0.0040699094353591,0.007807887229046965,0.012251109299595213,2
2017-05-11,0.00861127478788958,-0.0014024858443927135,-0.0030927023736705664,-0.006539970681797775,3
2017-05-12,0.013868997280689636,0.014384979876204108,-0.0027572950941699976,0.005278449651668287,4
2017-05-15,-0.0025655455981931745,-0.0035221371813001783,0.004820122059859383,-0.027877991127760626,0
2017-05-16,-0.0014785500689075257,0.00841988707322527,0.003087003150074785,0.0035709820851973894,1
2017-05-17,-0.0341523909010625,-0.02230541371236398,-0.03886979214094208,-0.03498883946910877,2
2017-05-18,0.01512646359432186,0.014428214255485494,-0.0036851544397458642,0.02245034118751303,3
2017-05-19,0.0034036496994188413,0.001407496712127195,0.009718906011927772,-0.007148712838925957,4
2017-05-22,0.006057295823704672,0.011219952555303286,-0.0009435862926904866,-0.001545426150609792,0
2017-05-23,-0.0012346333486562121,0.0008958659605052509,0.012437110188519519,-0.021133628816543706,1
2017-05-24,-0.0029954740218176494,0.009027253614072204,-0.0005832645982772116,0.020714643424466116,2
2017-05-25,0.0034506794003531676,0.013203555671441804,-0.004209191630607952,0.02108360686554812,3
2017-05-26,-0.0016913649311937763,0.0024131352851384795,0.00011701323614808593,0.025890546114584936,4
2017-05-30,0.0003903961318177993,0.0009234245291062594,-0.017251679669161923,0.030173115313448014,1
2017-05-31,-0.0059394891926286535,-0.0020890691879586875,-0.021078809015624148,0.017482767904994544,2
2017-06-01,0.0027457117344681366,0.001336333363673719,0.011016185924865763,-0.0018784889960818875,3
2017-06-02,0.01471033590805278,0.010765631293672095,-0.0050693631844972355,-0.0015288906687213877,4
2017-06-05,-0.009826280393885105,0.004568790659168998,0.0018133295911374472,0.02174216548331012,0
2017-06-06,0.003372967160448512,-0.008280671342560294,0.002051443577143094,0.015796450797622784,1
2017-06-07,0.005938607584766594,0.007024133440677958,0.011386595165703901,0.0190883609781319,2
2017-06-08,-0.0024482905540171873,0.00019795324267072854,0.012317327905782563,0.02837169011545627,3
2017-06-09,-0.039549064035426254,-0.03214629874553708,0.02338577012164478,-0.03487133522244789,4
2017-06-12,-0.024186021588110222,-0.013791801417242575,0.00022990366669397205,0.004718521925286707,0
2017-06-13,0.008013561811801694,0.01632358873253813,0.003328788250858983,0.04610591903573957,1
2017-06-14,-0.009803183459890034,-0.0044143332596648256,-0.002065150669776099,0.01245039987879716,2
2017-06-15,-0.006011394763378661,-0.012676434670089953,-0.005988267871994579,-0.01407427037263746,3
2017-06-16,-0.014098275112166452,0.02412154437769515,-0.004515583028742806,-0.01055263427034893,4
2017-06-19,0.0282059547792767,0.007524389573950505,0.02169399614529364,-0.004317325799357807,0
2017-06-20,-0.009130051958973635,-0.002595844056369956,-0.0062647283351915965,0.00657647455825241,1
2017-06-21,0.005913557050639424,0.009665076352671014,-0.004580539262923314,0.011113559237479175,2
2017-06-22,-0.0016465701855701243,-0.0009283846759377528,-0.0011488664004913635,0.016363844013778845,3
2017-06-23,0.004452998026067378,0.002433900760344868,-0.0018401992415719847,0.0021930310019436993,4
2017-06-26,-0.003149258580676672,-0.009771195910067677,0.004365276195551846,-0.01566514835091811,0
2017-06-27,-0.014436739769737965,-0.017455650195669983,0.0092415586048064,-0.04087826437777337,1
2017-06-28,0.014505067275904072,0.01377673001392202,0.019903361213633505,0.02418288870018716,2
2017-06-29,-0.014852774553817602,-0.014647305657211855,0.014698810179855467,-0.028663551215287825,3
2017-06-30,0.0023634901211640647,-0.008158767491912727,0.0027389977622585622,0.002381071288422065,4
2017-07-03,-0.0036168799680664646,-0.01492493316859719,0.02014730482021921,-0.02517527203212367,0
2017-07-05,0.004102989586738447,0.018431137994025817,0.009977240558743779,-0.07515561399685367,2
2017-07-06,-0.009483951698967489,-0.00646515572438725,-0.0032071846919986195,-0.05744437539441036,3
2017-07-07,0.010108390975885269,0.014013290850071603,0.00502042778389907,0.014114798423713906,4
2017-07-10,0.006084540622490567,0.01793260692748366,-0.0070574090305426185,0.00899464021473339,0
2017-07-11,0.0032349924472957156,-0.002351062607816789,-0.0038705548919262763,0.0347323168510505,1
2017-07-12,0.0014420560639961844,0.012376187078943819,-0.0034533006156785896,0.0070043375963415155,2
2017-07-13,0.013832773448480235,-0.005859074159175191,0.006357464988706264,-0.01871618353631403,3
2017-07-14,0.008557697228871676,0.0011785244754943048,-0.009172183819642295,0.013421733471090394,4
2017-07-17,0.0034828905043584363,0.008181550788198502,-0.009365985633552997,-0.025366283587879835,0
2017-07-18,0.003470582958629597,0.014165967957043887,-0.00350738574706286,0.026768752883781957,1
2017-07-19,0.006244053504519039,0.0023594259495064423,0.0014262140472662247,-0.009120224908487122,2
2017-07-20,-0.004512940357506718,0.0017805896727357716,0.0,0.014225355199591715,3
2017-07-21,-0.00046589624527320294,-0.0029498251774531066,-0.0034047767722558916,-0.004617836178905769,4
2017-07-24,0.012038987622070757,0.012864484775985055,0.004281632046810549,0.042097691544076436,0
2017-07-25,0.004264584178641362,0.0008851451916088891,0.016515184610173404,-0.008561646290552455,1
2017-07-26,0.004703003767144725,0.012357569349559824,-0.00941919995246986,0.012437039473718759,2
2017-07-27,-0.01907865672615658,-0.00647991893911254,-0.004142156403220971,-0.027688201547354872,3
2017-07-28,-0.007065175188495316,-0.025131530382414686,-0.0029538282544825036,0.0018221704435549752,4
2017-07-31,-0.005163673538614479,-0.03213710000252025,0.005680579136850731,-0.03523305813685584,0
2017-08-01,0.008835974264915721,0.008478035876706792,0.013309496774175677,-0.012130042482567917,1
2017-08-02,0.04616872016385993,-0.00030125706689251955,0.0008600284608880757,0.019583558159459852,2
2017-08-03,-0.010041324784379553,-0.009047782405920024,-0.006572983004376491,0.0630242358487855,3
2017-08-04,0.005256964898661733,0.0006685428515366974,0.012462497012680217,0.02789954621238053,4
2017-08-07,0.015355638003298493,0.004737682313489134,0.0038361153846227284,-0.004887148623823236,0
2017-08-08,0.007965565718872839,-0.0024518955996691676,-0.003622691428862888,0.027903367360907375,1
2017-08-09,0.006103027291830312,-0.007941870689870222,-0.0016022550382234243,-0.004638104507594121,2
2017-08-10,-0.03237055068802309,-0.02588164750693739,-0.014430615217263227,-0.02261790186544433,3
2017-08-11,0.013810997717374169,0.01150198642164356,-0.008387312050000297,0.006925895834225835,4
2017-08-14,0.014937515231073962,0.01569248656136944,0.011635933100716854,0.016434433153642434,0
2017-08-15,0.010888105959391771,-0.0005696705688712181,0.0025917564127330255,-0.00404884981775345,1
2017-08-16,-0.004029970013692401,-0.004650899547582916,-0.006925949686555084,0.0015995127473417625,2
2017-08-17,-0.01938527095181642,-0.01816686028936246,-0.015760313468237634,-0.03075104583225396,3
2017-08-18,-0.0022833020098084206,-0.0021885856368846377,0.0009923898987154324,-0.01275430253594583,4
2017-08-21,-0.0018429664405092065,-0.005419079827628361,-0.0012132676097542888,-0.0280179154161383,0
2017-08-22,0.016215202761296132,0.014175918202026435,0.010209544011938666,0.010276706684685338,1
2017-08-23,0.0012510687778842463,-0.009247292912963967,0.0012004251139608444,0.03290794894955897,2
2017-08-24,-0.0044476613659383026,-0.005810168804642285,-0.0016374158142141472,0.00045349869582472275,3
2017-08-25,0.0036974947963483574,-0.007577608763643556,0.004034581301863592,-0.013923641294217942,4
2017-08-28,0.010020891220765646,0.0008036504766950673,-0.0031608960595492547,-0.0068904688614768155,0
2017-08-29,0.008878488535083615,0.008462861265084663,-0.0054733363622018,0.004906047766236771,1
2017-08-30,0.0026974571242902243,0.01408192758850086,0.002302417348866539,0.016616156563961468,2
2017-08-31,0.00397107721078362,0.013356132731702762,-0.004610360265584682,0.007671959148600524,3
2017-09-01,0.0003048383399402464,-0.0023993744256387843,0.00887223462323461,-0.0014059357862915352,4
2017-09-05,-0.012081265983981623,-0.013357370517836828,-0.024171934880463847,-0.016482859035526678,1
2017-09-06,-0.0010493171378859272,0.0026175823694511687,0.006680615360719961,-0.014579885074467756,2
2017-09-07,-0.0040221358054472614,0.011986152965818224,-0.017689207523293757,0.017493374410974535,3
2017-09-08,-0.01644390146619379,-0.013951323440571211,-0.0012435733562192386,-0.02077856520752768,4
2017-09-11,0.01793035652594634,0.012408473791438593,0.0153756988777023,0.057405915477094,0
2017-09-12,-0.003970463784963119,0.004713053224380537,0.012176166898320077,-0.002588013425793526,1
2017-09-13,-0.007550607903836525,0.0171733915147514,0.0028565631252894835,0.009547674291395884,2
2017-09-14,-0.008618266795849854,-0.007420404605939005,-0.0019770366108122655,0.030679855252103608,3
2017-09-15,0.010057831404787231,-0.005477525698462624,0.007119975914110858,0.005729766880258297,4
2017-09-18,-0.007596861087830874,-0.012850916167347484,0.014089339561755218,0.013572232447427742,0
2017-09-19,0.00037791510817112656,-0.004454611516832462,0.010917438631252479,-0.026050746064111292,1
2017-09-20,-0.016899707934149483,0.003448145643344676,0.0070012613512489405,-0.0031774910244818664,2
2017-09-21,-0.017321331708331632,-0.008834574170731167,0.004534990028537518,-0.020071229638365835,3
2017-09-22,-0.009826912603616974,-0.00994923387863721,-0.002106725516066142,-0.042901310380301975,4
2017-09-25,-0.008861255764266135,-0.016159662973744406,-0.007515140708671607,-0.017527214982414382,0
2017-09-26,0.017057397577244927,-0.0012669965704066126,-0.004472510056964607,0.000753389500683819,1
2017-09-27,0.0070924656310843515,0.012987923943538475,0.01567196883689559,-0.012474308755910057,2
2017-09-28,-0.006178816617495028,0.0057988953957666236,0.0020989860755084087,-0.004026045006203791,3
2017-09-29,0.005465070928266511,0.005162339637088178,0.001362012456336695,0.004407251881235175,4
2017-10-02,-0.00201331973178871,-0.002249403897714789,0.01382921035594648,0.0012598678729923024,0
2017-10-03,0.004346426289827815,-0.002181295305561371,0.005252382504860415,0.01916915421763953,1
2017-10-04,-0.006494304245491458,0.008686425286510317,-0.010221701307989934,0.019541268032736394,2
2017-10-05,0.012367713546075835,0.015825238418642956,0.013375720031360137,0.0009009922922392771,3
2017-10-06,-0.0005793263729848556,0.00886107919707632,-0.0017525761378781235,0.0043526213488720815,4
2017-10-09,0.0034712498997084337,0.0014238210688546902,-0.005275934920835423,-0.039844060130650255,0
2017-10-10,0.00038509175299938187,-0.003831768090875414,0.007440313981837361,0.03622283237587314,1
2017-10-11,0.004160344404996991,0.007870071642162382,-0.0029897421785398523,-0.0027879875476250426,2
2017-10-12,-0.0035190991448422037,0.005942132813285726,-0.00881635798488555,0.0030410778898386976,3
2017-10-13,0.006325885472540689,0.002006082882542097,-0.0013551176347235926,-0.0003093323999989706,4
2017-10-16,0.018241374599881417,0.0033843395588114174,0.020444478210162903,-0.014076156056894799,0
2017-10-17,0.0036832100151225453,0.0027685800366083657,-0.0022509896760542062,0.014582301161447271,1
2017-10-18,-0.0044338459004189,-0.01209313309740889,0.0037831177812908934,0.010903108656870027,2
2017-10-19,-0.023945449340231347,-0.01047588323378402,0.0012236627800812667,-0.022040089763599495,3
2017-10-20,0.0017300368098959343,-0.0037572928970633582,0.014168858683352254,-0.019257068207608512,4
2017-10-23,-0.0005122682376136079,-0.01704324664002074,-0.0017098220549925042,-0.02369191499254562,0
2017-10-24,0.005936914226973518,0.00988576804039396,0.015780103443480003,0.0009489792864177772,1
2017-10-25,-0.00440152435901352,-0.0030685003806522762,0.000990197430998828,-0.03468476275790779,2
2017-10-26,0.00637324376854553,-0.000493529688470215,0.007102263423014077,0.0010122249793839974,3
2017-10-27,0.03520316175614232,0.12413067896568483,0.0002948240035605109,-0.01638271198924271,4
2017-10-30,0.02225853724897246,0.008952025262933944,-0.003543543297879234,-0.002465047399103143,0
2017-10-31,0.013819806144839152,-0.005026784367623449,-0.007920094998955476,0.03514729459234801,1
2017-11-01,-0.012800452477161535,-0.0014486789522828955,0.0030763534392611105,-0.0320279934376527,2
2017-11-02,0.007283658619843326,-0.008608262578960907,0.0066168468549119034,-0.07037752861026653,3
2017-11-03,0.025778666086139906,0.015758697930250583,-0.0017731052952177178,0.02256643431216386,4
2017-11-06,0.010093566344177761,0.008117362513653508,-0.006232028768389246,-0.010872717933080492,0
2017-11-07,0.0032089169964573156,0.00223724214185546,-0.02034839626342413,0.010742038348578922,1
2017-11-08,0.008147045259199051,0.008608024225570467,-0.01130428510830374,-0.00543869397228035,2
2017-11-09,-0.002044747656499956,-0.0033156381878703687,-0.00010242167365475995,-0.004610014914461036,3
2017-11-10,-0.003315016167010469,-0.003353311599482213,-0.0012298790184438932,0.0,4
2017-11-13,-0.004015918140223814,0.0033887170168525244,0.0035828295891642144,0.040141878705538876,0
2017-11-14,-0.01523265278951132,0.006769619085419319,-0.00604752902651853,-0.021471745518534084,1
2017-11-15,-0.013278237441417476,-0.008968347731299169,0.009413902946350727,0.00838709205242743,2
2017-11-16,0.011876603879267415,0.00936408738245071,0.002847734429919834,0.0038473882879458926,3
2017-11-17,-0.005567948227587143,-0.0065367834661770735,-0.0033568826266277716,0.008126891338092797,4
2017-11-20,-0.000999590584098541,-0.003164649813234889,0.008825868943526992,-0.020231813822732335,0
2017-11-21,0.018419927201386053,0.011633998526740592,-0.0008082240306366555,0.028954178587658665,1
2017-11-22,0.010456837760966498,0.014523373823799913,-0.002935749727387461,-0.01652923893506532,2
2017-11-24,5.698812713150619e-05,0.025482141960796904,-0.0032495690145131844,0.009392732392230188,4
2017-11-27,-0.005042333063437707,0.008254218778723024,-0.003974602127564188,0.003985059690953488,0
2017-11-28,-0.005876015851953117,-0.0018665509076040718,0.034425781172764666,0.0023330724604189385,1
2017-11-29,-0.020961447107634056,-0.027459731223672457,0.02311269727665113,-0.032030139192276555,2
2017-11-30,0.01388725079577331,0.013242202875674286,0.00758721065706564,0.00425057889210658,3
2017-12-01,-0.004666233550251231,-0.012312604085950968,0.0025797999774752655,-0.00754010366639291,4
2017-12-04,-0.007334477161381498,-0.024736740128106248,0.020403059425582754,-0.00434834272470056,0
2017-12-05,-0.0009428732619652312,0.006697404592484736,-0.011567005930132218,-0.004926852074403848,1
2017-12-06,-0.0037205414855301347,0.0093988532596201,-0.0075007648810604035,0.03099312282621998,2
2017-12-07,0.001832702012222488,0.006435581273965053,-0.0029587970009916018,-0.006469278797638505,3
2017-12-08,0.0002954568472367829,0.001903710021834071,0.01244377750994481,0.01242099248059274,4
2017-12-11,0.01929630887969409,0.005937598801784608,-0.002930824571868342,0.042798912246750316,0
2017-12-12,-0.005633509092634724,-0.0032904490154512796,0.011578346024680488,0.0361862329733906,1
2017-12-13,0.0033142887209917844,-0.0008157377293610172,-0.012620351997990132,-0.005881845506406178,2
2017-12-14,-0.00029048246631915614,0.008664139049874836,-0.008088594632013247,-0.0033682099029070122,3
2017-12-15,0.010109977859051513,0.004147188353931223,0.014041982480016129,0.016321218795082817,4
2017-12-18,0.013984699423194859,0.009655200437243666,0.007695729719903792,-0.0134250207187917,0
2017-12-19,-0.010713491102079028,-0.0026913816143937534,-0.004215760672196546,-0.02319609249622529,1
2017-12-20,-0.0010891830282443592,-0.008253729095494208,-0.0034799690477071554,-0.006423540521295798,2
2017-12-21,0.0037784753950740476,-0.0024316076057076274,0.015796751725486863,0.008113407607173046,3
2017-12-22,0.0,-0.005462810192431288,-0.003530447510102752,-0.019669938323103757,4
2017-12-26,-0.025697540685463212,0.007163876953518443,-0.004009777672575512,-0.02462423674446112,1
2017-12-27,0.00017631078576446762,0.004662922890910665,0.001867144074635497,-0.01796752434393836,2
2017-12-28,0.002809503641931005,0.0032427757977950182,0.005302327028335726,0.011866220726355485,3
2017-12-29,-0.010872587578650703,-0.014119976477714395,-0.007917180454629203,-0.012797193348550452,4
2018-01-02,0.017745962754780954,0.016570393594201663,0.009400349709434177,0.029058261481362566,1
2018-01-03,-0.00017385366880004035,0.012694394527191124,0.001018287856325765,-0.01028583096269393,2
2018-01-04,0.004633864939246134,0.0044660253429876385,0.01422423074949333,-0.008324530558681901,3
2018-01-05,0.01132089845078521,0.0160332935792393,-0.006440464363399779,0.006210416017176824,4
2018-01-08,-0.003721034034667743,0.014321632906715799,0.0014756518408739691,0.060754702381703427,0
2018-01-09,-0.00011475930044989754,0.004664812398839383,0.005056129462432788,-0.008118245093933886,1
2018-01-10,-0.00022955811754924693,0.001300359709972529,0.010944478397765155,0.003320893638202626,2
2018-01-11,0.005664456846206636,0.01766139781681635,0.005336865823631154,0.009364661080734738,3
2018-01-12,0.010273249001837082,0.02209336587396363,0.016375605799537025,-0.005132257768969449,4
2018-01-16,-0.005095274678842994,-0.0002606211461983206,-0.003556712950455117,0.01135638767539583,1
2018-01-17,0.016381682270158654,-0.0075850021734760985,0.006392665487632733,0.02066361394773987,2
2018-01-18,0.0008926378467391522,-0.001298133852806076,0.002386668676999866,-0.007488501129632502,3
2018-01-19,-0.004472733199758888,0.0009736994050156305,-0.002209498501206648,0.015693090065018588,4
2018-01-22,-0.008214562372819662,0.024968098162378945,0.011612440559188282,0.004390024536005943,0
2018-01-23,0.00022576721191758207,0.026196229930158944,-0.0010499547415706947,0.00349261668007839,1
2018-01-24,-0.016056795469415828,-0.003698397360036897,0.012702600895410298,-0.01975213430064165,2
2018-01-25,-0.01801205257269255,0.014944682738458965,0.00025921614962801695,-0.02414061666578032,3
2018-01-26,0.0023346392686583593,0.017338590199733116,0.00534444073311435,0.015312820217281293,4
2018-01-29,-0.02091519735688511,0.0110863061970509,-0.0010322288122727198,0.019296367584641105,0
2018-01-30,-0.005911956338656846,0.014106290909006738,-0.009424658536056799,-0.01067099478570611,1
2018-01-31,0.0027514954712038586,0.009049130891396598,0.004853230465587032,0.024253827172148544,2
2018-02-01,0.002088014658191951,-0.04287344522925761,0.01032075268273211,-0.014384252958894271,3
2018-02-02,-0.04435986514536948,0.028335697336222956,-0.022410725148502172,-0.015873271824704757,4
2018-02-05,-0.0253019022994269,-0.028335697336222907,-0.04914017132336352,-0.031381851268344675,0
2018-02-06,0.040942023835881844,0.037309622701425335,0.02996915675342628,0.0025183533063415963,1
2018-02-07,-0.021639490726193356,-0.018226722717437444,0.006756147965693565,0.032493210526077794,2
2018-02-08,-0.027901863433014852,-0.047911730278811245,-0.04521710231880513,-0.09024189341458241,3
2018-02-09,0.012156716356172647,-0.008103804791418619,0.019824529186622464,-0.015376248848248276,4
2018-02-12,0.0394884927819468,0.034216728035250644,0.01533065928723687,0.016961202165830976,0
2018-02-13,0.009968317453544923,0.02019536975735599,0.0061561189376413885,0.024806110575996826,1
2018-02-14,0.018269404545354976,0.02550419300925882,0.022862051496064476,-0.004179773833776486,2
2018-02-15,0.033027123776279435,0.007353751233283212,0.004164299807170533,0.035836754394223076,3
2018-02-16,-0.003242746110710013,-0.0089814315393622,-0.0072113415198362925,0.004241546843597516,4
2018-02-20,-0.0033689546382884004,0.01347964456515462,0.0002617030312572448,-0.00214835049634627,1
2018-02-21,-0.004549189808881279,0.00987380009044426,0.0041755595342753095,-0.004400810006499264,2
2018-02-22,0.008324404782133513,0.0016305120580417068,-0.001825051156268086,0.03788699111449636,3
2018-02-23,0.017241717047308824,0.009821428842378839,0.02006193538609645,0.016843236182783695,4
2018-02-26,0.019578960354396144,0.014527347404448127,0.012368672019275386,0.015138342018226577,0
2018-02-27,-0.0032458267076014,-0.006572418273647388,-0.011942395218714603,-0.018153845689605118,1
2018-02-28,-0.001514724861254086,0.00031078300210627937,-0.015975787271291963,-0.022852326172335676,2
2018-03-01,-0.017671757180643267,-0.012641932360173476,-0.01808462570601877,-0.03599846676634224,3
2018-03-02,0.006890783257483152,0.004542832323262843,-0.000970245558821125,0.012581794044277577,4
2018-03-05,0.0034557939600630377,0.015450749125216098,0.01523818358159253,-0.0052956889346357445,0
2018-03-06,-0.000848478194958095,0.00916635335491773,0.0008687843370825835,-0.015569849908619472,1
2018-03-07,-0.00932657733365879,0.004775087665414082,-0.003740848703576297,0.012415049984329452,2
2018-03-08,0.010853448723032299,0.004430331047974139,8.69545555756745e-05,-0.0096765099931042,3
2018-03-09,0.017034855258751477,0.017267875039310328,0.028355009267532694,-0.005881795723518265,4
2018-03-12,0.009621247593448852,0.012274784456525238,-0.0032245453815049935,0.05454171900502194,0
2018-03-13,-0.009676604990708037,-0.0064082374088574355,-0.012056066642422484,-0.01067881179038873,1
2018-03-14,-0.008537777093137959,0.0017741242337512898,-0.011245781302727643,-0.04551475671341543,2
2018-03-15,0.0011760945063960752,-0.005470697171817769,0.0025195971070434307,-0.003158388052850371,3
2018-03-16,-0.003532623860491222,-0.006746984262292992,0.0017339389482494327,-0.013138827430316807,4
2018-03-19,-0.015397194526455668,-0.01716652889855416,-0.007913951341329299,-0.024540122382657712,0
2018-03-20,-0.0003422660540403485,0.02655806397402168,0.0009599997674071488,-0.009645799079847998,1
2018-03-21,-0.022915102219887868,-0.002935242181331271,0.0008717995777518013,0.019073091713506164,2
2018-03-22,-0.014230538395829339,-0.023629241659590867,-0.04264302312780896,-0.02375314563501072,3
2018-03-23,-0.023428737442546282,-0.0324714405071344,-0.027103143302652042,-0.02476215748924565,4
2018-03-26,0.0463792494899458,0.03952772098848848,0.030372025759631376,0.008716983357954528,0
2018-03-27,-0.025975585426103214,-0.03853192075579568,-0.019590163175285964,-0.08576296122040042,1
2018-03-28,-0.011110557684913418,-0.044829570623964574,-0.0015731475909886094,-0.07975020560866929,2
2018-03-29,0.007778572926109967,0.011060397628404146,0.01807632313078624,0.0318784406408496,3
2018-04-02,-0.0065779090507454025,-0.05346506623271679,-0.0194661249714907,-0.05265286271087222,0
2018-04-03,0.010207022179008688,0.01451521594489404,0.013629540650288435,0.057899602458025494,1
2018-04-04,0.01894163640837458,0.013216432521270617,0.015069190937421578,0.07004145954947365,2
2018-04-05,0.006910367866834314,0.02877581980896398,0.013044806152425922,0.0633964612779032,3
2018-04-06,-0.025911558020768524,-0.03256879145160196,-0.02525329547930315,-0.021223211265089487,4
2018-04-09,0.009869399085291827,0.0006047480886455927,0.011936638311590966,-0.032738552591198074,0
2018-04-10,0.018643260423745433,0.02120891765877724,0.018931842032955747,0.05061985415504579,1
2018-04-11,-0.004686506855044237,-0.006405231332769564,-0.016940868464486083,-0.012450001501353107,2
2018-04-12,0.00981016965722312,0.01491919110975978,0.024555817536553306,-0.02302585434608351,3
2018-04-13,0.003382397518610451,-0.012301877768966152,-0.027453036407603562,0.021063340553558362,4
2018-04-16,0.006218772410430104,0.0074574931597974625,-0.0008163063402523718,-0.030870545862284916,0
2018-04-17,0.013670420284692774,0.04233096224700543,0.0,-0.012161153367676696,1
2018-04-18,-0.0022466689526835187,0.01583979284660221,-0.008108250202137438,0.019482988950550416,2
2018-04-19,-0.028749685551497386,0.018848100013873853,0.021716509902907907,0.022682617268948137,3
2018-04-20,-0.04183493506432465,-0.01907723181610307,-0.002240508024718429,-0.033340946599311215,4
2018-04-23,-0.0029009065240841164,-0.006324400696319432,-0.004855883117549676,-0.023954713067765032,0
2018-04-24,-0.014017190764588808,-0.038803322300977466,-0.004698720349251793,0.0003175829962110711,1
2018-04-25,0.004348377541439201,5.475954499941282e-05,-0.003811450180201261,-0.009820109595590503,2
2018-04-26,0.003476896736423899,0.03881450715060276,0.00099973632985499,0.01692105227125317,3
2018-04-27,-0.011637279239780267,0.03537561362599702,-0.006377899652312501,0.02967988645210738,4
2018-04-30,0.017950071082572853,-0.004135326109196778,-0.005683579482076049,-0.0006123186992793044,0
2018-05-01,0.022970128097702287,0.010246541390296704,0.0,0.020276271552000992,1
2018-05-02,0.04322724331369937,-0.007982399946119208,-0.007937191202472703,0.0040927434643586716,2
2018-05-03,0.0018104928805165062,0.00152774422597195,-0.006321037599659456,-0.05705105475694015,3
2018-05-04,0.03848378481074351,0.005626403963582918,0.011035754220642102,0.033328408391726135,4
2018-05-07,0.007208966801248646,0.012065232820824213,0.00863190354887947,0.029087598107581533,0
2018-05-08,0.004795058882586424,-0.004855150386433913,0.014703259328322676,-0.002645858763480469,1
2018-05-09,0.0070164742814527855,0.009755167405861371,0.021569461921798413,0.016031414306226816,2
2018-05-10,0.014202419024266562,0.0006714269487795818,0.007729378143271305,-0.005981667768512261,3
2018-05-11,-0.0038105393499706613,-0.003841887076876573,-0.0037691614806337165,-0.013067764405920593,4
2018-05-14,-0.0023356830412291025,-0.000855019821921358,0.0003509115089441829,-0.030658568488625318,0
2018-05-15,-0.009130257314118189,-0.015999582214342844,-0.007667534690404374,-0.027043193851452124,1
2018-05-16,0.00928969553436138,0.007055711937681797,0.002738927318409008,0.008060902728221242,2
2018-05-17,-0.006343930150019646,-0.0034837207851964812,-0.003358483155255364,-0.006794892876662789,3
2018-05-18,-0.0036434159824795974,-0.004682948952668358,-0.016332969742637607,-0.027506411041860752,4
2018-05-21,0.007060409194233974,0.0070194493799519446,0.009136393058768597,0.02733063584059411,0
2018-05-22,-0.002508274460746859,-0.002564092355650729,0.007639383660610698,-0.033890641978487256,1
2018-05-23,0.006391221303323962,0.012854956228734496,-0.004612206606812026,0.0146552593259178,2
2018-05-24,-0.0011154481245551023,0.0007551004151900502,-0.011263834411631533,-0.00438134008245393,3
2018-05-25,0.002282454996390034,0.004406755128694276,-0.005137767359188807,0.0035926511327837147,4
2018-05-29,-0.0036122973885658383,0.001687878056954978,-0.04368404581279965,0.017454813671737467,1
2018-05-30,-0.002130621454393319,0.007424894791795791,0.0225880510202214,0.027665611046886498,2
2018-05-31,-0.003365907899288056,0.0029067818463926367,-0.012444233711775735,-0.024253054463057908,3
2018-06-01,0.017873172532372635,0.007287974742940334,0.012905876559028804,0.024595765346737457,4
2018-06-04,0.008323069346277474,0.014352361192745182,0.00046090480471131526,0.016719212816101784,0
2018-06-05,0.007685593324156098,0.018491622422478978,-0.0056407548208333705,-0.019086459534572997,1
2018-06-06,0.003459884152379435,-0.0003537487735077804,0.023099401523576292,0.09298733807137727,2
2018-06-07,-0.0026840439454117594,-0.0038109042575301937,0.0039791723578301,-0.010730278490089475,3
2018-06-08,-0.00913922164444772,-0.0031482087067048275,0.002793717905905589,0.004954692435399038,4
2018-06-11,-0.0024545326383312045,0.0030417085523415876,-0.002523362008597173,0.044454448870734506,0
2018-06-12,0.005475370877805533,0.005684988047565979,-0.005791399716818558,0.03162357995786879,1
2018-06-13,-0.008250870634292263,0.0035902650511343294,-0.0019984925288188088,0.005846814961109414,2
2018-06-14,0.0005241170562035757,0.011083020118790305,-0.017798399010723817,0.036844043828737995,3
2018-06-15,-0.010325589409247259,-0.004587452546296073,-0.0012040208256370165,0.0012572053263429782,4
2018-06-18,-0.0005295583508588649,0.00454682322375441,0.002591355189565228,0.034735996616622904,0
2018-06-19,-0.01629196367262523,0.006355243580262066,-0.005840506262074561,-0.05055133619592977,1
2018-06-20,0.004352375702206448,0.008780890154949957,-9.282934769430732e-05,0.027059386425411308,2
2018-06-21,-0.005591504638849134,-0.011412889667689054,-0.0002791576447285827,-0.04145833852996418,3
2018-06-22,-0.0029162557024300546,-0.008444903691629486,-0.016505949041088794,-0.0407608326368912,4
2018-06-25,-0.014982947199230066,-0.031090273447365042,-0.009119505302208699,-0.0018601117764972604,0
2018-06-26,0.01232963265498842,0.01665984392829657,0.0006676624968435973,0.02663819480865757,1
2018-06-27,-0.0014648129984268486,-0.018248499964223154,-0.015569613317652074,0.007283408999648192,2
2018-06-28,0.0072497248279144565,0.0243561005785281,0.016236830338696974,0.015639022752901306,3
2018-06-29,-0.002104687928058739,-0.0009702818544208091,-0.00698104068957045,-0.02014849699089947,4
2018-07-02,0.011120475234266297,0.008190920166379114,0.008409874707867202,-0.023245202513878526,0
2018-07-03,-0.017569694662407574,-0.011632531973367489,-0.014087912934253478,-0.0749967408799285,1
2018-07-05,0.008014462171949522,0.0034004971509542445,0.006480256075731041,-0.005483771731441566,3
2018-07-06,0.013767099900469572,0.006392287119912709,0.003272748711093613,-0.0008413739443247261,4
2018-07-09,0.01378956887002341,0.01645995034240514,0.030474457286865004,0.0306362871896815,0
2018-07-10,-0.0012077408055793013,0.00232627083824685,-0.006171140897214837,0.012356234552786241,1
2018-07-11,-0.0130609259119603,0.006820891325990276,-0.002159515104505248,-0.010944370832144498,2
2018-07-12,0.016627235825119095,0.023438279239991148,0.004314376750932469,-0.007079156356632034,3
2018-07-13,0.0015692381788476608,0.009092308299375183,-0.004596358175389161,0.006796925091447165,4
2018-07-16,-0.002197708408684856,0.005204214611598074,0.03890961821471042,-0.027888696957791365,0
2018-07-17,0.002824376558762271,0.01169553351913824,-0.0007236464616048159,0.039797339718765146,1
2018-07-18,-0.005499428871102102,-0.0005478819253286526,0.009277862679724936,0.003588340997915393,2
2018-07-19,0.007742754754479501,-0.016384942345801963,-0.014813480378858873,-0.011240942684509224,3
2018-07-20,-0.0022955050419255847,0.00040256240260806996,0.012569759310112944,-0.02098503581790621,4
2018-07-23,0.000887774077806402,-0.0064717884686560055,0.018430752025464767,-0.03366183049098457,0
2018-07-24,0.00722782343304729,0.015003415773147583,0.007033028009618967,-0.019213739494976383,1
2018-07-25,0.009386140224988687,0.01861486826928323,0.008982772218526103,0.037320581448582704,2
2018-07-26,-0.0031359411283115395,-0.030294147444007914,-0.002869280890257089,-0.006792485928422633,3
2018-07-27,-0.016771359568694553,0.005114123653927564,0.0102217719226845,-0.03136897003681015,4
2018-07-30,-0.005618536297391278,-0.02116035295109697,0.006014896086809894,-0.023871031864305167,0
2018-07-31,0.0019990515594146756,-0.0010009041577796927,-0.015366331672470144,0.027096149377992502,1
2018-08-01,0.05723988640087578,0.01103903355711626,0.00615774288163217,0.009015402580142124,2
2018-08-02,0.02881191738779833,0.020466105945655327,0.004227634365227617,0.1500394953693684,3
2018-08-03,0.0028889896577229714,-0.006036752198725051,0.008060057135195487,-0.00392722251966948,4
2018-08-06,0.0051791640809560535,0.013326116952434698,0.00025646665658981345,-0.01790931528077431,0
2018-08-07,-0.009419314746514867,0.007940289206943445,0.0036645835865842156,0.10425751987100246,1
2018-08-08,0.0006760430679102698,0.012824884974734161,0.0020397165715244957,-0.02461753965428242,2
2018-08-09,0.00783387017299005,0.006340837796472893,-0.007755697110022739,-0.04951266848117085,3
2018-08-10,-0.0029829303104494573,-0.006457397373654605,-0.009887916144548523,0.008588294353453393,4
2018-08-13,0.006435933566874564,0.005234593496003321,-0.016026589828961265,0.002584687857127241,0
2018-08-14,0.00420444849146103,0.012291000927706849,0.0066506347929622825,-0.024914314053937747,1
2018-08-15,0.00233353508298765,-0.019478470012663493,-0.008320455916596189,-0.026082295987135885,2
2018-08-16,0.014543412964713584,0.002069435166135004,0.009366671802610398,-0.009612303405664288,3
2018-08-17,0.0197732372730281,-0.0022818919343934856,0.0,-0.09352310299855487,4
2018-08-20,-0.009791132622076497,-0.002931660125657338,-0.001307796866641196,0.009577607495927558,0
2018-08-21,-0.0019512664928212826,0.0035689760811241154,0.006088581269870837,0.04271350329177862,1
2018-08-22,4.6440481523446336e-05,0.011340294746076632,-0.0030396567893579913,-0.0008079720701797333,2
2018-08-23,0.0020437196893093694,-0.001050539556003232,-0.0020895526801806416,-0.0047994694464031625,3
2018-08-24,0.0031045311433561045,0.0013077166792931142,-0.0004358667281224534,0.008461454998839912,4
2018-08-27,0.008200647764523263,0.01163051544939646,0.0175462598845296,-0.011057797782740283,0
2018-08-28,0.008043695786972534,0.002662829214967849,-0.0048956622071524535,-0.0234827463444085,1
2018-08-29,0.014818991891305488,0.033216652418121086,-0.0032772497073124164,-0.02220982005243565,2
2018-08-30,0.009151730507514283,0.002139789185662643,-0.004936019230335839,-0.006116857728366764,3
2018-08-31,0.011487787878373996,0.0051455472939262855,-0.0053097973004496805,-0.004927151351277396,4
2018-09-04,0.003201702873534682,0.01322754939250794,0.004962397039614054,-0.043046923269294435,1
2018-09-05,-0.006546096061655836,-0.022155808895267127,-0.004875165342410096,-0.028824659687569285,2
2018-09-06,-0.01675723694012327,-0.018471969798578087,-0.004285560590187965,0.0007477402091871391,3
2018-09-07,-0.008100830167140702,-0.003191472227875324,0.0019265564393127637,-0.06511051590830808,4
2018-09-10,-0.01351163370489435,-0.00671281317449781,-0.005350232178275115,0.08117582516337454,0
2018-09-11,0.02496880742344607,0.02452389439974024,0.006311790392465712,-0.021454393137783412,1
2018-09-12,-0.012496967038173153,0.0014332057554714182,-0.011867654803016867,0.038953647795662634,2
2018-09-13,0.02386797092528856,-6.533122087816396e-05,0.0038834806152179477,-0.0037241683417791158,3
2018-09-14,-0.0114159790351103,-0.00993933696629168,-0.0001761156720309504,0.019636019543975154,4
2018-09-17,-0.026986701641560824,-0.03205870700465009,0.0029911657884859008,-0.0012202649255036756,0
2018-09-18,0.0016507392841600332,0.017157778216997852,0.004032435021545042,-0.034084013592407654,1
2018-09-19,0.0005954497308601198,-0.00756569249460357,0.02863266341857228,0.04816167725201527,2
2018-09-20,0.007573184214204618,0.009238628182457895,0.008550018418256774,-0.0023102764367654155,3
2018-09-21,-0.010829612619469119,-0.015179095926849621,-0.006596566253736679,0.0025777618885772795,4
2018-09-24,0.01427750028350793,0.010053664875920762,-0.0096346014787288,0.001937228201131435,0
2018-09-25,0.006321023010172065,0.020563987165268808,-0.002831370121620092,0.004361820224937156,1
2018-09-26,-0.007997988816874536,0.00015191562854669196,-0.011840420994436244,0.028139474409747497,2
2018-09-27,0.020342918097286722,0.019123782614347835,-0.004356781831989659,-0.006676394186811727,3
2018-09-28,0.0035059783861653556,-0.004970159887051252,-0.014778672219888583,-0.14967862356105288,4
2018-10-01,0.006710599171424333,0.0006787590310107474,0.005832130253540188,0.15996630906971687,0
2018-10-02,0.008849486739874433,-0.016626551298427376,0.004132362280893019,-0.03165105931416401,1
2018-10-03,0.012095129392577226,-0.009454518172878833,0.00934483202931725,-0.020879570125520365,2
2018-10-04,-0.017737283055059627,-0.022444223425413613,0.00897554790155409,-0.04499307098653701,3
2018-10-05,-0.016361991684474435,-0.010407930696264011,-0.005654842134966203,-0.07315047194650469,4
2018-10-08,-0.0023209338857470368,-0.01344158738489846,0.0060885521307480995,-0.0444551930837214,0
2018-10-09,0.013758371929659816,0.003159506847789425,-0.006961543058564851,0.04769487161816516,1
2018-10-10,-0.047433600891718504,-0.06349826467822699,-0.026994062479839126,-0.0227842365240576,2
2018-10-11,-0.008866674163968495,-0.020659106604926675,-0.030421099586459235,-0.018267761294738935,3
2018-10-12,0.035095911616742984,0.039486584027737796,-0.010972733530446942,0.025637011844725322,4
2018-10-15,-0.021618022750398848,-0.015585296480611561,-0.005720013598990687,0.0031251224150275823,0
2018-10-16,0.021797932288417376,0.03296109181385253,0.02121407582054322,0.0634327959715364,1
2018-10-17,-0.004330872257516533,0.006446363237738997,0.011078236913738888,-0.017543278006273536,2
2018-10-18,-0.023651202467127954,-0.03387461944326041,-0.01596967985073866,-0.029384839017495768,3
2018-10-19,0.015115533722732643,-0.003785315142127887,-0.0016663862259189894,-0.014926570471279743,4
2018-10-22,0.0060915045077618276,0.014223477431537703,-0.014468347321408524,0.0036473072126550357,0
2018-10-23,0.009382593092590643,-0.011579655130424511,-0.010490640161134787,0.11972696455952758,1
2018-10-24,-0.034904073808834285,-0.060900269370242635,-0.018798284253890338,-0.019360730257469882,2
2018-10-25,0.02166168269715659,0.06848717973245126,0.015085687402247661,0.0874330286431297,3
2018-10-26,-0.016051523961524473,-0.08142347029725895,-0.013827770789831922,0.049688062904440625,4
2018-10-29,-0.018948823478660847,-0.06535334363664695,0.013732660410768668,0.011866497865424982,0
2018-10-30,0.0049820093053524975,-0.0055126260875841115,0.01749032061435537,-0.014893088379068697,1
2018-10-31,0.025732326623762316,0.04321681687087765,0.021510167528044757,0.022242473178064662,2
2018-11-01,0.015235918413869431,0.04138428065577011,-0.0003670921574523767,0.020423191772720273,3
2018-11-02,-0.068632811773285,0.0,-0.005520539190903697,0.006167773529960309,4
2018-11-05,-0.028799243790036278,-0.02291395130748333,0.006529482266227994,-0.014568218268686943,0
2018-11-06,0.01075617838721901,0.00917882350506658,0.004663802222779231,-0.0009964070977674596,1
2018-11-07,0.02987720011491986,0.06633977136357028,0.017008120191601774,0.020603730470361386,2
2018-11-08,-0.0034951266630831508,-0.00033043903181154073,0.008040434102527716,0.009263014594603545,3
2018-11-09,-0.019469465268152967,-0.02450416594044294,-0.009746302256920145,-0.0025359590842054585,4
2018-11-12,-0.051687465797675886,-0.045139744065118316,-0.021250512451614682,-0.05642528101968433,0
2018-11-13,-0.010041713613987502,-0.0034760725613268697,0.005857092498606529,0.022239444014452457,1
2018-11-14,-0.02865389810875314,-0.019912881833394288,-0.020837858212495463,0.015438256266650938,2
2018-11-15,0.024379424155049782,0.012695718130497883,0.025208231319480644,0.012824453818193816,3
2018-11-16,0.011014645903432752,-0.016204016695618998,-0.0007271414191273691,0.016706156871619814,4
2018-11-19,-0.040438787436950466,-0.05225131114502081,0.007608149410133484,-0.0023736096914838216,0
2018-11-20,-0.048957031563335564,-0.011191197215610942,-0.02170811712738617,-0.017062716138914934,1
2018-11-21,-0.0011305625365924334,0.014122842106230335,-0.0074969061389944585,-0.02712805667626346,2
2018-11-23,-0.025727142703772844,-0.009719272006622546,-0.009239854855087578,-0.037232068164504986,4
2018-11-26,0.013433301370329338,0.05142878028709171,0.024177709920630095,0.06006303506598468,0
2018-11-27,-0.0021783140406247763,5.69294805029396e-05,0.00420151816000364,-0.006029763419470862,1
2018-11-28,0.03773151074425149,0.059130406887340066,0.011057760113287695,0.011419815399028605,2
2018-11-29,-0.007711908263157983,-0.002494536473075945,-0.007963811506866555,-0.0194479618485975,3
2018-11-30,-0.005417115435504725,0.009870068276671688,0.010214784678068163,0.02692274930708435,4
2018-12-03,0.034345855868294084,0.047482843636724684,0.009398927054944625,0.022597058720560136,0
2018-12-04,-0.044985621864962945,-0.06044688772653472,-0.04566312598842062,0.003369619807877731,1
2018-12-06,-0.011212249680721369,0.01828664289188351,-0.019207817625177013,0.009297797793253366,3
2018-12-07,-0.03630827285886378,-0.042105608754156164,-0.018227998173430512,-0.014118894034547644,4
2018-12-10,0.006566806121602629,0.007277978607481914,-0.018861747675542564,0.01985894986280649,0
2018-12-11,-0.005736311361035018,0.0013458597059741706,-0.009815242531334784,0.004399488170995928,1
2018-12-12,0.0027835651773595277,0.012277951513649618,0.006455100384808079,-0.00043631614730297,2
2018-12-13,0.010880811181918432,-0.0031066785633509105,0.0009895968875269195,0.02741664318222241,3
2018-12-14,-0.03252051248175461,-0.04090668967184727,-0.008242045764306085,-0.029847328127938662,4
2018-12-17,-0.009350214453229753,-0.04562565471846275,-0.012845184446949914,-0.04843199610928863,0
2018-12-18,0.012909172112401864,0.019900419411563477,-0.004758165289510446,-0.03323675529970304,1
2018-12-19,-0.03168855456713345,-0.03702959409021031,-0.012766562825997812,-0.012119527132867663,2
2018-12-20,-0.025558549164873042,-0.023174971356437677,-0.008671492649355999,-0.05427412940561634,3
2018-12-21,-0.039672416570679235,-0.05877078806961028,-0.023923016395502806,0.01382376022500745,4
2018-12-24,-0.02621441431700724,-0.024613477609225835,-0.02179238780031173,-0.07930549016355178,0
2018-12-26,0.06805250225175041,0.09025398275801824,0.04062202408786634,0.09887683028497694,2
2018-12-27,-0.00651092955453598,-0.006315330448245833,0.011191788214164665,-0.031019876139175156,3
2018-12-28,0.0005121092326115351,0.01114426445080633,-0.0021664070472567714,0.05459818103140067,4
2018-12-31,0.009618709473985467,0.016074253774444786,0.008125599696700299,-0.003209968679503924,0
2019-01-02,0.0011402987179888247,0.024439664018391764,0.017163935661446614,-0.07058234811465287,2
2019-01-03,-0.10492391867258462,-0.025565528700364833,-0.014313683107678046,-0.03197758919474004,3
2019-01-04,0.04180290258814173,0.04885111342984534,0.0362019742343434,0.0560942725927254,4
2019-01-07,-0.0022281509330857423,0.03377651087852466,0.0006951495485999611,0.05293512263076508,0
2019-01-08,0.018883787332962053,0.016475884077589695,-0.001887656144555422,0.001163599158188828,1
2019-01-09,0.016839159353198692,0.0017128868892680703,-0.001691552275889083,0.009437947481978803,2
2019-01-10,0.0031909289011628527,-0.0019302905505940288,-9.983194347096245e-05,0.018844716086450743,3
2019-01-11,-0.009866548649530618,-0.00950021578853727,-0.004792431680621676,0.006616379981298151,4
2019-01-14,-0.015151232027209877,-0.014335246209543026,0.010256191556387632,-0.03773593288316512,0
2019-01-15,0.020260437305780334,0.034848007027612496,0.007304446810095434,0.029553003459965428,1
2019-01-16,0.01214245455495371,0.005490895184266011,0.00803222290260935,0.00469238793745434,2
2019-01-17,0.00592019453027065,0.005590776836741111,0.004089027463321512,0.003634463829550445,3
2019-01-18,0.006140359209794205,0.0017583478423892555,0.016095997351501204,-0.13893012374879618,4
2019-01-22,-0.02270140573175744,-0.038480037543253826,-0.01590170249286147,-0.011111646346251771,1
2019-01-23,0.004035798742910545,0.004798041569364464,-0.0025288730245738556,-0.03864010516794837,2
2019-01-24,-0.007957489429802808,0.009050258811113534,0.0005840425832749868,0.01353846267844261,3
2019-01-25,0.03259931285403636,0.009406237482289068,0.006306828848566304,0.01879254659466642,4
2019-01-28,-0.00929752470334559,-0.01975608942600138,0.004728343104800248,-0.002224426662412959,0
2019-01-29,-0.010418982401616752,-0.02723753876321456,0.002787665904520261,0.0036373727345903615,1
2019-01-30,0.06610100748909549,0.04690977564140571,0.002301223691079163,0.03731688539222895,2
2019-01-31,0.007175236026340837,0.028504578463132847,-0.008753796268172524,-0.005683777190272844,3
2019-02-01,0.00048084252957272046,-0.055321193100996084,0.003664906672573057,0.016763086556941698,4
2019-02-04,0.028008856791753755,0.004344132475857494,0.003555210110006013,0.002175678198907091,0
2019-02-05,0.016965097202097226,0.015491866188782571,-0.004422409062217901,0.02667914265629361,1
2019-02-06,0.00034460682815737787,-0.011245686147586902,-0.00048151482229043653,-0.01293524619851883,2
2019-02-07,-0.019121242381097775,-0.015910006048540103,-0.013196386125529693,-0.031087922181826162,3
2019-02-08,0.0011741435805154342,-0.016330834290413307,-0.010012958317693634,-0.005576329018938797,4
2019-02-11,-0.005767476059711558,0.0017488562477837048,-0.004746735826178937,0.022760598713060663,0
2019-02-12,0.008580239576034645,0.029119271400045343,0.016906023014210174,-0.0032979313639255247,1
2019-02-13,-0.004163462737556196,0.0012141827176494052,0.004764393812190052,-0.011742429097439224,2
2019-02-14,0.0036370292131171437,-0.010635630351720703,-0.0065202125370352896,-0.01438072910139189,3
2019-02-15,-0.0022276167135587954,-0.009100547125929937,0.030102484626512948,0.013439268798795676,4
2019-02-19,0.0029880358314353893,0.012134157679584378,-0.0035114348193696692,-0.007302188315000657,1
2019-02-20,0.006414917274460824,-0.0033725745741388113,0.004837476176938617,-0.010128258243082899,2
2019-02-21,-0.005654514432176472,-0.0016412354851550698,-0.002083952437334177,-0.03816634835211206,3
2019-02-22,0.011103989725884894,0.007456236282017583,-0.004466324973406343,0.011878507177307875,4
2019-02-25,0.007257750781091728,0.0008821844156088245,0.01042167176087447,0.013682197437311697,0
2019-02-26,0.0005741119404045053,0.0020798706668898187,-0.007663610851083447,-0.0030504879645207013,1
2019-02-27,0.00309250768726117,0.0028619124443764036,-0.0012354162914418457,0.05512343917099909,2
2019-02-28,-0.009884423960798068,-0.0007680274393184955,-0.007636157648346387,0.01619893198032066,3
2019-03-01,0.010456435306429144,0.01926645484769524,0.000670444263888545,-0.08168268383461433,4
2019-03-04,0.005016727740520684,0.014513750908028594,-0.0023009605505205834,-0.03251165931845648,0
2019-03-05,-0.0018213208495587295,-0.002207450450986818,-0.0007683435015215398,-0.03139602921927177,1
2019-03-06,-0.005770754316642582,-0.013970631881135682,-0.003752885777882952,-0.001085447687041993,2
2019-03-07,-0.011642199091192506,-0.02610244391897686,-0.007257144479237931,0.0012661721837979227,3
2019-03-08,0.0023740285815494807,-0.0031724020434359033,0.0003884535198044698,0.02693084728297493,4
2019-03-11,0.03405570735706039,0.030274928015204303,0.012924392959036649,0.023581223114604224,0
2019-03-12,0.011172821352207284,0.0014833846646547194,-0.002975232773315774,-0.026330125897717604,1
2019-03-13,0.004412347867716164,0.010529488021602368,0.003358371997709039,0.01957007740939458,2
2019-03-14,0.011055360450419455,-0.002718364558176218,0.009059700753901303,0.003454758260783156,3
2019-03-15,0.012924073078022815,0.015383189836354888,0.011421183571121438,-0.05140953908927527,4
2019-03-18,0.010156776433552377,0.017247469835383878,0.005988492725073797,-0.021802224404734522,0
2019-03-19,-0.007956284814969388,0.011244417875099166,-0.003645200246151344,-0.007523861011181039,1
2019-03-20,0.008700602342747098,0.019904495279827,-0.021579564632583023,0.02265977238418918,2
2019-03-21,0.03616827757397293,0.012160922039608137,-0.015912076026798484,0.001533904013606828,3
2019-03-22,-0.020925977090104027,-0.030409398179863066,-0.03069892208371993,-0.035246480304529995,4
2019-03-25,-0.012164357396007965,0.005363007055880073,-0.008354771301843379,-0.0156588550190791,0
2019-03-26,-0.01038571264972392,0.005340129956768722,0.009957236953078064,0.02783267714915969,1
2019-03-27,0.00895393841355932,-0.010176281844700066,-0.0034085010187335355,0.0260243331388298,2
2019-03-28,0.0013256583428348184,0.004362605019555914,0.011283759419452557,0.01369611080354769,3
2019-03-29,0.0064966298324141735,0.004124747912130558,0.005150198628447055,0.004440617326900639,4
2019-04-01,0.006768161054443994,0.0186045153621656,0.03313054074656187,0.03275989192109418,0
2019-04-02,0.014432114636522872,-0.00011582341778240666,0.004766880149749962,-0.011477252828966885,1
2019-04-03,0.00683171451831533,0.003697784072046203,0.0019954428065326827,0.0205308104637668,2
2019-04-04,0.0017387841328501037,-0.0010111428220824263,0.00961413532950042,-0.08593722216784855,3
2019-04-05,0.006671791974849378,0.010076259837952736,-0.002371313317926921,0.026459970073128034,4
2019-04-08,0.015613344313264346,0.006823719866721972,0.003223531092698744,-0.006421561243439884,0
2019-04-09,-0.003002771139906038,-0.007607779201279312,-0.007410685623420159,-0.0032630303024267517,1
2019-04-10,0.005598441858218276,0.006239222182828933,0.004472303513798044,0.01367711069116183,2
2019-04-11,-0.008359166867139589,-0.0017662898283274766,0.008412915644985608,-0.0280652786610601,3
2019-04-12,-0.00040209615291642,-0.0005478403421246388,0.04581387887594962,-0.0026859862524520168,4
2019-04-15,0.0018084018744607185,0.0009815792097548634,-0.011485449178624096,-0.004943052898305119,0
2019-04-16,0.00010043790129861742,0.009800755062900292,0.010495736900050597,0.025865779778642663,1
2019-04-17,0.019286109918919367,0.0009549381687978624,0.028396054859220133,-0.007822448958816279,2
2019-04-18,0.0035870509840466884,-0.001679793447630733,-0.007376146416660669,0.007456485905066215,3
2019-04-22,0.003281378679184065,0.013667838256111457,0.001233061011183191,-0.039220700589321714,0
2019-04-23,0.014320176561793067,0.01913424706845826,0.0012317858102714148,0.004367189004715511,1
2019-04-24,-0.0015434491083131632,-0.011512265824974863,-0.0016719437900578969,-0.020055756342084126,2
2019-04-25,-0.009116698332114941,0.00026289721788828917,0.0005281988177970947,-0.043578711545985846,3
2019-04-26,-0.004785667433727197,0.0251149873085396,0.007541371578884045,-0.051754657790314386,4
2019-04-29,0.001516687570104471,-0.0062740364215657365,0.014311087889566131,0.026564156668391885,0
2019-04-30,-0.019444307844600394,-0.006163149880398053,-0.0006030403765542507,-0.011579538159972131,1
2019-05-01,0.04791912860218066,-0.00781652975766392,-0.007698598481128572,-0.019801806231266733,2
2019-05-02,-0.006528971621694298,-0.005613323539631774,0.0021688670831528,0.04221406123668062,3
2019-05-03,0.012354811051525277,0.03191342362804333,0.006132771774530096,0.0438033007844267,4
2019-05-06,-0.015563282874292756,-0.006087452958372692,-0.008909627653384265,0.0012147730661703946,0
2019-05-07,-0.027327055235687722,-0.015265430980200941,-0.01646987330150203,-0.03296477054208545,1
2019-05-08,0.0001969561133541879,-0.001682900422915642,-0.005313915596703608,-0.009026329942036213,2
2019-05-09,-0.010802152136169302,-0.00937755492724011,-0.0007996063625182404,-0.01174982922375762,3
2019-05-10,-0.013950395395929854,-0.005219207390946392,-8.905776156169024e-05,-0.010218129749463936,4
2019-05-13,-0.05987675199585089,-0.036258277894010836,-0.027574062692259954,-0.053642888692410726,0
2019-05-14,0.015706292373054563,0.009522776139087656,0.007917553200506577,0.023078626554257343,1
2019-05-15,0.011908182696269577,0.01672249340412612,-0.0038143340393205455,-0.0015508662931841915,2
2019-05-16,-0.004409743625736933,0.019276956121435686,0.012748214194312504,-0.015729859074043964,3
2019-05-17,-0.005698033100255702,-0.020426704771710495,-0.004863287590269835,-0.07879160253819237,4
2019-05-20,-0.03176900113690563,-0.005380907843147097,0.0052223157814029406,-0.027235784386159697,0
2019-05-21,0.018989190383066557,-0.0007803291762345315,0.0034072445670699602,-0.0013644301491681004,1
2019-05-22,-0.020683896524464576,0.001162183587495297,-0.008178358171849722,-0.06210985897149923,2
2019-05-23,-0.01721698521217331,-0.024054523961227748,-0.0198676351582189,0.014218982156523499,3
2019-05-24,-0.0038480932975647484,0.004287174525437958,0.009800924786741907,-0.025174877946532528,4
2019-05-28,-0.0041433416636679704,0.0071864058679742045,-0.010905883612773629,-0.010175940821913167,1
2019-05-29,-0.004780561994694439,-0.009432116847075527,-0.0027685604537851845,0.006128515358594928,2
2019-05-30,0.00517311241625212,-0.0015788850263094745,-0.010776478181193663,-0.008675443485018194,3
2019-05-31,-0.01828131213589081,-0.022972616855778175,-0.010327881459278813,-0.016391213145480147,4
2019-06-03,-0.010161823759467902,-0.04752091720062188,0.004707679208868104,-0.034002173460743926,0
2019-06-04,0.03593070249890966,0.021548041312531258,0.030344586685016734,0.0785760501617263,1
2019-06-05,0.01601423809542552,0.005155703373834923,0.0035475497591794273,0.0153261559057241,2
2019-06-06,0.014575194164797202,0.009081436911120979,0.002176862248309169,0.04651304989708485,3
2019-06-07,0.026268861491703866,0.027918906052417206,-0.011023462895332365,-0.0070654213857223955,4
2019-06-10,0.012698484652812784,0.030892108542121512,0.010751478237168828,0.04016068793025789,0
2019-06-11,0.011512981728470116,0.0016485738255397314,0.003076724606665707,0.01962942455513551,1
2019-06-12,-0.003187633474945706,-0.004506557485555057,-0.012821248318602268,-0.03678052946367268,2
2019-06-13,-0.0002060693550993548,0.008041663860675924,0.002467853683658986,0.021977829297588538,3
2019-06-14,-0.007288789451723913,-0.00033692003755475005,0.0025528577362302434,0.004710492177676777,4
2019-06-17,0.005948672701134387,0.008712154694986924,-0.005478230889444661,0.045967846334089235,0
2019-06-18,0.02324629431399275,0.008100570364277153,0.013549750339114958,-0.0012895183084361763,1
2019-06-19,-0.0029270791136310863,0.003894877641195274,-0.007252094300613559,0.007491632206456829,2
2019-06-20,0.008003656327885151,0.004912512407217872,0.002544106730245364,-0.030537099002804925,3
2019-06-21,-0.00341505413032365,-0.0035983699946725073,-0.0068298025773579065,0.010147814582238825,4
2019-06-24,-0.001006556750150249,0.0013593775173540569,-0.007152534495259565,0.007991062700448779,0
2019-06-25,-0.015273641046942316,-0.018791923549513204,-0.008317151623506006,-0.017501531619481567,1
2019-06-26,0.021398255817869707,0.010360034971862483,0.006659348162226137,-0.002232228297383763,2
2019-06-27,-0.0003000799078069084,0.0033927983928228453,0.00331294793246129,0.016150172309638413,3
2019-06-28,-0.009153540017995175,-0.005608294946465263,0.026832753539571395,0.0027783929288936193,4
2019-07-01,0.018174283965531897,0.014969473796872794,0.01667586403091157,0.016466221724361078,0
2019-07-02,0.005837523521518658,0.006285541940847791,0.0010549927990948086,-0.011600218839631889,1
2019-07-03,0.008253040032106978,0.0024216723035965513,-0.0015941542087517626,0.04506146454972541,2
2019-07-05,-0.0008812850518911229,0.0020145063009627206,0.005920902079652361,-0.007692338334116885,4
2019-07-08,-0.02082930309507454,0.004831530386180489,-0.005477763354474577,-0.01191106882403326,0
2019-07-09,0.006080893876407057,0.018261630021034286,0.004243458775969964,-0.0012163699243967914,1
2019-07-10,0.009840053548296977,0.01453448569859851,-0.0029155438749811986,0.03778869128614836,2
2019-07-11,-0.007308874792582722,-0.008132486532284676,0.00951048956484134,-0.0013402808651119414,3
2019-07-12,0.0076533799100001135,0.004950130483804872,0.010462067266618278,0.02679618785170417,4
2019-07-15,0.009351094774104634,0.004955344390456677,-0.012216503312375896,0.033779097347802406,0
2019-07-16,-0.003465802679231313,-0.00550248861151783,0.010654253433202317,-0.004427953346815866,1
2019-07-17,-0.00563955853759797,-0.00893076292309193,-0.009864336094636312,0.009778567486270942,2
2019-07-18,0.011295723910577213,-0.0071185921362067655,0.005947880336764492,-0.005192847091315009,3
2019-07-19,-0.015039878222179991,-0.006787722315432412,-0.009903318080954461,0.018135442365715914,4
2019-07-22,0.02259663040016516,0.010688342420228144,0.006408850880707668,-0.009730316261804303,0
2019-07-23,0.0077873170103752555,0.00445214230282264,0.018124680135191678,0.01740861417421435,1
2019-07-24,-0.0008144341613201736,0.003163662575726461,0.004031206029014025,0.01794158228530698,2
2019-07-25,-0.007938500107343089,-0.013581296228977947,-0.009632781245511608,-0.14634118145360764,3
2019-07-26,0.003471821048435276,-0.015711904843454392,0.004397733018653813,-0.0034146189824959317,4
2019-07-29,0.009295373429785243,-0.01587374871748098,-0.0031888254465341596,0.033335690122837366,0
2019-07-30,-0.004301730676887027,-0.0073052312577508716,-0.0022466295571234394,0.02715478226865056,1
2019-07-31,0.020199019460223604,-0.016864897630143417,0.003540882885517345,-0.0026867746162287836,2
2019-08-01,-0.021876763430089756,-0.0061578127469772434,-0.026733597565747853,-0.032644893450348864,3
2019-08-02,-0.02138507599868176,-0.017442009143555034,-8.850843697650788e-05,0.002093199627884857,4
2019-08-05,-0.05376781358936258,-0.03239082144570347,-0.03020448557168128,-0.026024991318455336,0
2019-08-06,0.018753443199136313,0.012778275729818725,0.007818108251265018,0.010586762848221487,1
2019-08-07,0.010302075216452192,0.003110618555960309,-0.021972817015134104,0.011504500337382999,2
2019-08-08,0.021816091503932638,0.021780725021871127,0.01679787121985683,0.020691055468529226,3
2019-08-09,-0.008274627213087483,-0.013905054350440298,-0.0010930939917538,-0.01390239815697271,4
2019-08-12,-0.002540643146779465,-0.012615288866911465,-0.01894984141494882,-0.025862371865183108,0
2019-08-13,0.041476231315770766,0.021844688318190798,0.015298267298583534,0.025819883534249913,1
2019-08-14,-0.03021680379597305,-0.03422406490530883,-0.042408520956258765,-0.06768680255284285,2
2019-08-15,-0.0049939442177967,0.007436962772528972,0.003809722875339885,-0.01828835317150209,3
2019-08-16,0.023320371438478225,0.009219158337593528,0.023671943255634355,0.019744444624820005,4
2019-08-19,0.018472692576941608,0.013051989159110924,0.008964481089932948,0.030845997748934404,0
2019-08-20,4.7581220018753586e-05,-0.00814931406190375,-0.01277805702177721,-0.004285505421123639,1
2019-08-21,0.010780127033577933,0.012226647744316171,0.0027915615181759988,-0.022522132632969767,2
2019-08-22,-0.0008470195279775499,-0.01040746095441238,0.010262605935367972,0.005959674684834935,3
2019-08-23,-0.04732282473920755,-0.030973573737141446,-0.025148208292910115,-0.04960079059483937,4
2019-08-26,0.01882128052474172,0.010942233772083079,0.007985396721025462,0.01688593882877674,0
2019-08-27,-0.011348158536870634,-0.003987853398843467,-0.010629976073073658,-0.004288207091923697,1
2019-08-28,0.00668833137083594,0.001372654229947393,0.009974698710846346,0.007028701855971562,2
2019-08-29,0.016789858639793244,0.012476729930588952,0.02240647612553634,0.027991764077430346,3
2019-08-30,-0.0012927312905132951,-0.0056755109689405545,0.005842544220279768,0.01743757434314575,4
2019-09-03,-0.014670526806856604,0.007599287077514432,-0.011904148940005277,-0.002662996693731353,1
2019-09-04,0.016824328679375746,0.006004836143353969,0.011995047212642032,-0.01943116129601614,2
2019-09-05,0.019362726739318832,0.022025802871529235,0.02249928800088226,0.03953785869897743,3
2019-09-06,-9.393625817228633e-05,-0.00392468200476568,0.0021335022924466487,-0.00932113182298983,4
2019-09-09,0.004258033238466954,-0.001178781440171449,0.02447383713104703,0.018901418181459875,0
2019-09-10,0.011744001434334048,-0.005914756798134451,0.012657852604740914,0.016048960489895236,1
2019-09-11,0.0313001842880056,0.0013393751130937493,0.0027342637067914537,0.047912327846942035,2
2019-09-12,-0.002238893806476616,0.011215049350112213,0.006125322122717931,-0.0049902167042224325,3
2019-09-13,-0.01964578560935679,-0.002286194656506738,0.01948480659430719,-0.002728713996813491,4
2019-09-16,0.00524342856868535,-0.01727409924180755,-0.008939507076307985,-0.009795012235959525,0
2019-09-17,0.003631492041398576,0.00810390258526882,-0.004963725768307299,0.008121454351540124,1
2019-09-18,0.009335648783339532,-0.0027967121376823445,0.009986096507956775,-0.005324674641613693,2
2019-09-19,-0.008158369925260912,0.002220369938279536,-0.0031779942231355144,0.012691671904217687,3
2019-09-20,-0.014725994894840302,-0.015123356081273286,-0.004028762201045985,-0.024548765463603572,4
2019-09-23,0.004536665691274242,-0.004950486377768806,-0.0001683045409902901,0.002532023019229352,0
2019-09-24,-0.004766247908111555,-0.024776514664445734,-0.013123969620537069,-0.07763784395676024,1
2019-09-25,0.015272322256770134,0.01522560943795219,0.005694035114075096,0.024298080060291966,2
2019-09-26,-0.005171032990283653,-0.016242438483099607,-0.008254194237667592,0.058838046284869626,3
2019-09-27,-0.004877966947578868,-0.00830524237371174,0.0058785037430474744,-0.0017743788664326618,4
2019-09-30,0.023262505236498705,0.006043915850105009,-0.0002549206013973658,-0.005217380269892639,0
2019-10-01,0.002764610630456149,-0.00014979419150042044,-0.01835044334844968,0.015734771560612624,1
2019-10-02,-0.025387460888659088,-0.013001530778686167,-0.02010581799878344,-0.006395828716893808,2
2019-10-03,0.008458880329314225,0.0065103035515946435,-0.0014251036032811486,-0.04242918829553246,3
2019-10-04,0.027646223629277045,0.008793152669587833,0.021428552957261055,-0.006889680536428197,4
2019-10-07,0.0002200075765935521,-0.004026085267119779,-0.0021837155070452453,0.026816005504508238,0
2019-10-08,-0.01178404439467649,-0.015793681068500286,-0.022548112759537765,0.009753676748550492,1
2019-10-09,0.011651933691593171,0.009616472379736505,0.007217736360322124,0.018490843294478566,2
2019-10-10,0.013388533393861299,-0.00100518069222072,0.01393085837536517,0.000858418039820759,3
2019-10-11,0.026250749359102262,0.006755179581182764,0.01675733672047224,0.012788621436352825,4
2019-10-14,-0.0014406461302114498,0.0026006849008286315,0.0026654337967561364,0.03593539155955349,0
2019-10-15,-0.0023343795937368983,0.01766694892629402,0.02969653934206273,0.0036127226196520047,1
2019-10-16,-0.004045261209875802,0.005670218199067944,-0.002336994837616904,0.007186524142577059,2
2019-10-17,0.003875315904914632,0.005638333382188143,0.005582782773364838,0.008510294825121641,3
2019-10-18,0.004791267500590979,-0.016908737986876143,0.0017435056658756298,-0.019348511759363377,4
2019-10-21,0.017193879364563087,0.015889987789337544,0.024498257527232187,-0.01351766398714735,0
2019-10-22,-0.002289292459914975,-0.011223871111253501,0.00998636471948229,0.008171731125572387,1
2019-10-23,0.013329495255676824,-0.002018214434825777,0.0026408783006908578,-0.003527697705131321,2
2019-10-24,0.0016437513404964604,0.010505509905438084,-0.0007194291966884626,0.1627073867407585,3
2019-10-25,0.012240922799466968,-0.010982306485900742,0.007966317636371784,0.09069467139827266,4
2019-10-28,0.009967203792044549,0.008902345419024592,0.003801223460572952,-0.0012807947563152676,0
2019-10-29,-0.02339962750820193,-0.008119150571146162,-0.000632654485220009,-0.035690931583353486,1
2019-10-30,-0.0001231663738287846,0.009755331152435024,-0.005551981318963813,-0.0038337382146187405,2
2019-10-31,0.022357796889031847,-0.0018725073161205933,-0.006463347668264119,-0.00028577073587868494,3
2019-11-01,0.027985535864696407,0.008284550823414213,0.022793422927081138,-0.005125560958197391,4
2019-11-04,0.006545501031534616,0.007352477288485275,0.007949276921946921,0.013190251778298889,0
2019-11-05,-0.0014377314108234385,-0.001635984259248522,0.002171290416995761,-0.0007877741614317626,1
2019-11-06,0.0004274109270192431,-0.0033023668647886115,0.0015478997705203916,0.029079338851648973,2
2019-11-07,0.011475119551598401,-0.004224307928792128,0.005399242813439941,0.027066259147669382,3
2019-11-08,0.0027333250620478824,-0.001298291684538671,0.0029188770156863405,0.004757095497985115,4
2019-11-11,0.007887607842429343,-0.007999998745449705,-0.003534541897759155,0.023307008242272685,0
2019-11-12,-0.0009158818186964228,0.003577876408002885,-0.005866989844884149,0.013927860226281246,1
2019-11-13,0.009536007014746752,-0.014097774253444028,-0.005278592982878055,-0.010976517536210168,2
2019-11-14,-0.006943385113350016,0.0008495689742594642,0.0009336639689025884,0.009317706491661899,3
2019-11-15,0.011809260767002014,-0.008648952687683294,0.00720557741437136,0.008039716546772512,4
2019-11-18,0.005029489335370547,0.0074684960238794,0.008379748169123019,-0.006209469761818026,0
2019-11-19,-0.0030369747742926864,0.0001483515094221294,-0.0003062195439877868,0.02686525453277175,1
2019-11-20,-0.011709841256550441,-0.00415064502033856,-0.007301603052051613,-0.020513868869493704,2
2019-11-21,-0.004493501747830859,-0.006217986458149935,0.0023113684809474436,0.0073828123156505394,3
2019-11-22,-0.0008783652291582724,0.006326901323545818,0.006596911558500936,-0.06337614052816848,4
2019-11-25,0.017381932095265024,0.015979589635143454,0.005338105581760289,0.009859919333317325,0
2019-11-26,-0.007839160076855069,0.012938516318668469,0.001368070205784011,-0.02230801073802288,1
2019-11-27,0.013342687063910409,0.011932253434933026,0.0029572766928609245,0.007179607623328355,2
2019-11-29,-0.002205340183039768,-0.009786452277548634,-0.002274115263061015,-0.00408331183446667,4
2019-12-02,-0.011629516950728112,-0.010719163262200036,-0.002203454893890994,0.014831577778426516,0
2019-12-03,-0.017990926455182847,-0.006554897641658675,-0.01293784533708091,0.0039638352301946105,1
2019-12-04,0.008787712828563382,-0.005251180813047949,0.019533628972150704,-0.009473685044135857,2
2019-12-05,0.014563967459826606,-0.011544817962785503,0.005425901194913654,-0.008019273672589195,3
2019-12-06,0.019132528301973702,0.006368715753630064,0.014770935312539478,0.016570487479172606,4
2019-12-09,-0.01409922180338172,-0.0011939050988062398,-0.004676240795313537,0.010778479484683797,0
2019-12-10,0.00582726177840778,-0.005904754434733096,0.0006691043911160043,0.02705113248298345,1
2019-12-11,0.008493577227681712,0.005453040216112708,-0.002381759520991122,0.011004409475391042,2
2019-12-12,0.002544957295499948,0.0066172609838292965,0.02821637361939811,0.01959693606267636,3
2019-12-13,0.013501288602746938,0.0003464055904998532,-0.008805584006190689,-0.003592907084336512,4
2019-12-16,0.016973034892767205,0.004685424827782585,0.003866748149701384,0.06248899060660185,0
2019-12-17,0.0019632862509094493,0.012051086000576885,0.00609725862390676,-0.006600966624869255,1
2019-12-18,-0.002392055556554893,-0.003709385461905557,-0.0010135547432508901,0.036681334404645764,2
2019-12-19,0.0010005907036006068,0.004613685162964642,-0.005011107146054179,0.0273227300440061,3
2019-12-20,-0.0020736023897515964,-0.003230170321979381,-0.0008012383045308785,0.0038288839658321035,4
2019-12-23,0.01618659174092085,0.003631847326724357,-0.00029138010880177986,0.0330530426375991,0
2019-12-24,0.0009507088803815558,-0.002116000655262421,0.002765779146344035,0.014281404577191001,1
2019-12-26,0.019645590278027824,0.04350624357368459,0.010555961361137779,0.013291643487754986,3
2019-12-27,-0.0003795771787556495,0.0005509958634312385,0.0007191467655167741,-0.0013003685301450005,4
2019-12-30,0.005918012203349583,-0.01232833213461872,-0.003672182376442789,-0.0371131230011561,0
2019-12-31,0.007279722025968154,0.0005142525969060166,0.005538960375379444,0.008715179630272204,1
2020-01-02,0.022559948201395865,0.026788570977962715,0.012050490568726093,0.02811910133608081,3
2020-01-03,-0.009769487597891298,-0.012213314472679244,-0.013284285506692571,0.02920267893223429,4
2020-01-06,0.007936662420765891,0.014775871094842,-0.0007953258407560072,0.019071612174755247,0
2020-01-07,-0.004714068893273909,0.002089436023074214,-0.017146831786055996,0.03806670586808656,1
2020-01-08,0.015958171731420997,-0.007839287338238396,0.007770780129866209,0.048032568493066904,2
2020-01-09,0.021018453424576995,0.0047876954600311996,0.003644532105603457,-0.022189385476863444,3
2020-01-10,0.002258065261305464,-0.009455156242405702,-0.01001814514325317,-0.006649355680979626,4
2020-01-13,0.021139363409308345,0.0043132627393767525,0.008270377294454154,0.09320702322102224,0
2020-01-14,-0.013594989230284769,-0.011625527046359843,0.011594258609370224,0.024578286172624794,1
2020-01-15,-0.00429526108056135,-0.003977024437111101,-0.01509905122138724,-0.03676981311758122,2
2020-01-16,0.012448828089376892,0.008513567549042408,0.003869066945876718,-0.00970946227670784,3
2020-01-17,0.011010348383637038,-0.007064556764163625,0.006898014015163925,-0.005839913304383257,4
2020-01-21,-0.006800136326312514,0.014523546068980422,-0.009889846047304009,0.06942373110021945,1
2020-01-22,0.003563160548950792,-0.0024024329949913796,-0.0011698396692675762,0.04004983514491321,2
2020-01-23,0.004804356938515502,-0.0015270766138826273,-0.0010247583375318902,0.004624413044606698,3
2020-01-24,-0.002886093513814002,-0.012247117354347815,-0.02514146917367682,-0.012981499419033645,4
2020-01-27,-0.029846421762107014,-0.018049378179086813,-0.008447083228138105,-0.012112331857897394,0
2020-01-28,0.027896847460682498,0.013532388730052893,0.01801450395178662,0.01578809278786119,1
2020-01-29,0.020715982269046793,0.002559818728975466,-0.0014887690261108154,0.02455066473079113,2
2020-01-30,-0.0014500331327219464,0.00680130777131683,0.012291002098066533,0.09799952270077929,3
2020-01-31,-0.04535196300523981,0.07119570893188107,-0.026320430143546847,0.015115867923964223,4
2020-02-03,-0.002749708420565964,-0.002252704013802056,0.007601748114706422,0.18144500086765858,0
2020-02-04,0.03248053568118864,0.022433811849720944,0.014293206107924556,0.1286186970285338,1
2020-02-05,0.008121093592521118,-0.004792703414039184,0.0168579303252698,-0.18845037343186985,2
2020-02-06,0.011629273588836574,0.005065879625856511,0.0001453126340866122,0.019223358515689473,3
2020-02-07,-0.013686380416221266,0.014069692433392624,-0.003202490105873625,-0.0011890304222129079,4
2020-02-10,0.004738637974874564,0.02593435798738784,0.00414677014681748,0.030554904345579816,0
2020-02-11,-0.006051746518708153,0.007883866478429244,0.0018859547333471575,0.0040112052857509935,1
2020-02-12,0.023470295917864765,0.004268347229322045,0.0,-0.009197828567077742,2
2020-02-13,-0.0071465901443478344,-0.004700848772083054,-0.0008699231180321958,0.04673438827304504,3
2020-02-14,0.00024638744145954403,-0.007001620314183051,-0.0030507371582539204,-0.004949986662921484,4
2020-02-18,-0.01848018036525333,0.00969583372641929,-0.013328899225053523,0.0704209168261074,1
2020-02-19,0.014378537117593477,0.006726973190216665,0.013547132017242568,0.06649517653196184,2
2020-02-20,-0.010311940668127767,-0.007919906743473367,0.0,-0.019826354777620053,3
2020-02-21,-0.022895239067716646,-0.02689219882130043,-0.012294378876003424,0.0017662480443414094,4
2020-02-24,-0.0486655768659749,-0.042235023870589,-0.02724349042912149,-0.07752369493467591,0
2020-02-25,-0.03445884198068735,-0.018357980231590378,-0.04567019010827461,-0.041482357972054684,1
2020-02-26,0.01573886900299424,0.0034663008478506324,0.003005036899596775,-0.026744949535016983,2
2020-02-27,-0.06760240266301085,-0.049333390430740226,-0.042504586517794554,-0.13713311629061195,3
2020-02-28,-0.0005851839523310217,-0.0002918893180325476,-0.044305783679166925,-0.016347950327421108,4
2020-03-02,0.08901815091623844,0.03658851566405863,0.04554090061026797,0.1072570247859105,0
2020-03-03,-0.032274544440620036,-0.023278669366774255,-0.03824680184515433,0.0025383850988232293,1
2020-03-04,0.04534107526910525,0.03441420829326915,0.02440883399521203,0.005337746224066965,2
2020-03-05,-0.032974499453938905,-0.02656658154602768,-0.05030577255165306,-0.033869376791647296,3
2020-03-06,-0.01336943343115058,-0.011994572145720599,-0.05306353051316258,-0.029497510135476336,4
2020-03-09,-0.08239509419991006,-0.05430184971456644,-0.14555201446289895,-0.14586457137702016,0
2020-03-10,0.06954607412423167,0.04941384267449418,0.07482607413348391,0.059586929551683376,1
2020-03-11,-0.03534763604673986,-0.03823045590680999,-0.048214204796760744,-0.01735009892797303,2
2020-03-12,-0.10397798677238958,-0.08253503819368388,-0.08602678840328633,-0.12349328402408655,3
2020-03-13,0.11315746789483049,0.06264454451479513,0.1656205514781028,-0.02516454136147571,4
2020-03-16,-0.13770792173238267,-0.0551930111496119,-0.16210596134334707,-0.20552230217550044,0
2020-03-17,0.043030889997277576,0.0679073394904408,0.0593191521741261,-0.03398134500612111,1
2020-03-18,-0.024784654439807638,0.012183223280898315,-0.11123208872073291,-0.17476304366003273,2
2020-03-19,-0.007691505397849369,0.027450380856149387,0.0166681566151879,0.16879451260286096,3
2020-03-20,-0.06559043841724561,-0.018696493799985447,-0.02132786017270927,-0.00025720668994270134,4
2020-03-23,-0.021473037092052272,0.03027242280070844,-0.055018843367034165,0.015688043665694176,0
2020-03-24,0.09560587399275335,0.019397213114498144,0.11238359492882749,0.15084593365171223,1
2020-03-25,-0.0055239674164700705,-0.02836614678504326,0.03663809705802249,0.06562083944686455,2
2020-03-26,0.05128517186798011,0.036267437779002064,0.06734171757311659,-0.0207800386755252,3
2020-03-27,-0.042283715721488285,-0.028734293362178226,-0.07390408422256518,-0.026475805312348537,4
2020-03-30,0.02813835126796968,0.03305128565768252,0.025674244385650476,-0.024064387275638185,0
2020-03-31,-0.002042952485022807,-0.0072719999659999635,-0.0378183200991293,0.04263263821287683,1
2020-04-01,-0.054051634033157034,-0.02178742279295421,-0.06504954542124142,-0.08446087652228773,2
2020-04-02,0.016548866938951155,0.005817252037933856,0.036659621222445246,-0.057898921000518445,3
2020-04-03,-0.014475766328343532,-0.006399314195321289,-0.03000329541712975,0.05467504939194526,4
2020-04-06,0.08364017824667826,0.04662517920980072,0.0623796237454746,0.07276481895829454,0
2020-04-07,-0.011650009755187745,0.006988976113008688,0.013103991201265246,0.05503939414254686,1
2020-04-08,0.02527235814549251,0.015488887252484295,0.03958545822309672,0.006195761068727163,2
2020-04-09,0.0071904503349700735,-0.00011749136016937198,0.08591494268084436,0.043078797207400474,3
2020-04-13,0.01943735377946773,0.059904424788693025,-0.04549149533993246,0.12754711640906993,0
2020-04-14,0.04926906164002611,0.05142426317898339,-0.027778373017797637,0.0866771798728856,1
2020-04-15,-0.009168792118571434,0.01061218674730437,-0.0505769752929271,0.02770162075738181,2
2020-04-16,0.007914401974755663,0.042632714874196495,-0.03885483684598304,0.020854428493631318,3
2020-04-17,-0.013661955386376948,-0.013877991515518532,0.08607549616223142,0.011580411041559343,4
2020-04-20,-0.020975162319981352,0.007805217491159297,-0.037138376890408435,-0.010038465581097953,0
2020-04-21,-0.03139802763182644,-0.027741595250859077,-0.029433613569082282,-0.08328137479063667,1
2020-04-22,0.02839674898784257,0.015078276370104332,0.0032515390570075405,0.06400415510269586,2
2020-04-23,-0.003883265747815456,0.015100238852104056,0.0005595121408264975,-0.036839791089286374,3
2020-04-24,0.028460991616039,0.004478467862372162,0.014658762433343242,0.02728753098899391,4
2020-04-27,0.0007065112650719398,-0.014299615622890095,0.04220128611250146,0.09666945779957149,0
2020-04-28,-0.016342344593344757,-0.026406206272373736,0.007055871923013654,-0.037801017814305886,1
2020-04-29,0.0323173432896379,0.025020524430829326,0.026613107883385678,0.040002020280935593,2
2020-04-30,0.020876688144057916,0.041803503952607714,-0.021692896719845544,-0.023547759980736722,3
2020-05-01,-0.01623049317551344,-0.0790151691799427,-0.026560880927628247,-0.10873700220740792,4
2020-05-04,0.01404980685244694,0.013016157575809914,-0.011975014249885787,0.0819187203405193,0
2020-05-05,0.014897195491309653,0.0007812169559819208,-0.0015204904068358111,0.009180180665024101,1
2020-05-06,0.010264850749718238,0.014332930141282023,-0.018983566337462753,0.018533023597782732,2
2020-05-07,0.010291457484081274,0.006929629421755726,0.01035931223639574,-0.003250973870209664,3
2020-05-08,0.02352272988285028,0.005055588339379235,0.016203884988165614,0.04925154604829151,4
2020-05-11,0.015612898287651007,0.012275095742505182,-0.02989185107863254,-0.009971196406895207,0
2020-05-12,-0.01149393061456156,-0.02184325689933136,-0.033223604966157116,-0.0023199593370761967,1
2020-05-13,-0.012147688819782159,0.00464352271673132,-0.0350790541447383,-0.02305818093053759,2
2020-05-14,0.006124874706341293,0.008800091486279958,0.040693473969057495,0.015518160889563192,3
2020-05-15,-0.005929827311459816,0.008723388257937528,-0.0186834405594208,-0.005191880165631997,4
2020-05-18,0.02328776872963537,0.006815562402388709,0.051613304795743435,0.01793204109959487,0
2020-05-19,-0.0057950766617811435,0.009463506026665746,-0.01987568185650324,-0.0069313094591098995,1
2020-05-20,0.019261195523461436,0.0196519053240098,0.02955800559576144,0.00930057241369536,2
2020-05-21,-0.00748337134315218,-0.020709907813958355,-0.012782669616011624,0.014654934735012084,3
2020-05-22,0.006417853772390822,-0.0040379627094452065,-0.007793430155019269,-0.013037700356063059,4
2020-05-26,-0.006796332542996295,-0.006182687942356004,0.06856800839245417,0.002433081947381517,1
2020-05-27,0.00434744826455794,-0.004747292931811086,0.05630576279806354,0.001659467041868106,2
2020-05-28,0.00044002579051064065,-0.0038615979869802697,-0.015007978494140836,-0.017736751939729612,3
2020-05-29,-0.0009746174189549368,0.017041909136995572,-0.025867135484701816,0.035583725409644835,4
2020-06-01,0.01222289835073337,0.011670253098244966,0.01316923904442498,0.07284966703702293,0
2020-06-02,0.004618796026788801,0.0005542421239081785,0.0033411950619511585,-0.018588326218028427,1
2020-06-03,0.005489956735083778,0.002419803318654912,0.052571200919599145,0.0015867839932886055,2
2020-06-04,-0.008649475072274362,-0.007207963182428161,0.020597868576586933,-0.02126741082055923,3
2020-06-05,0.02808288569831141,0.009062306094701045,0.044018796346843664,0.024320646383694,4
2020-06-08,0.00589513646639146,0.01640122058468097,0.019761952396442774,0.07004464847857836,0
2020-06-09,0.0310895627694855,0.029973414532654237,-0.02598471894172134,-0.00978535494822048,1
2020-06-10,0.02540211335433237,0.01775474019639406,-0.04137244374265552,0.08590431690632504,2
2020-06-11,-0.04920096753702069,-0.034386807792203426,-0.08713127799027022,-0.052277046427824686,3
2020-06-12,0.008596280540199458,-0.005071582137180358,0.026995657514882792,-0.03937370329089697,4
2020-06-15,0.012291452124214402,0.01080967380014712,0.013723283445321099,0.05776761532071402,0
2020-06-16,0.026157357974181644,0.01641919546995653,0.007968051943272015,-0.008889888882897297,1
2020-06-17,-0.001393130510053246,0.009782656419923274,-0.02560419125421983,0.009787666254598352,2
2020-06-18,0.0003981329571066171,0.004910408831544251,-0.005442992702771251,0.012196058432993926,3
2020-06-19,-0.005730727239790431,0.007892706403668376,-0.011486659779025587,-0.003052506049991116,4
2020-06-22,0.0258274509487231,0.014404049034053084,-0.010896498110612485,-0.006595797039905825,0
2020-06-23,0.021120077919336004,0.018470070932883553,0.012122396806992565,0.007474555771254048,1
2020-06-24,-0.01780986300876043,-0.010915222785479236,-0.033961443810465036,-0.04171541244464825,2
2020-06-25,0.013188430121514697,0.007352966946613356,0.034267797866980476,0.025817844628587844,3
2020-06-26,-0.031207954251058535,-0.022657517035347675,-0.056377999956951134,-0.02697370050614223,4
2020-06-29,0.022785284572961226,-0.004648937652200358,0.0044182464271511285,0.05039944763683731,0
2020-06-30,0.008312860319905583,0.02884445591830274,0.011333204221351464,0.06747855280845434,1
2020-07-01,-0.001893190361952607,0.04253577590541981,-0.008541245968015183,0.036213124954005624,2
2020-07-02,0.0,0.004021512351305945,0.0032428456466214147,0.07651403502187115,3
2020-07-06,0.026398548615740564,0.056086861548230546,0.024939819903617676,0.12645108117682743,0
2020-07-07,-0.0031075716634825,-0.018794894393650154,-0.028615680797809167,0.01323965619758905,1
2020-07-08,0.023022938837190955,0.026637631211038765,0.010559015097661717,-0.017404076436543424,2
2020-07-09,0.004291386994163278,0.032418003431597016,-0.021888387519105813,0.020579243780394125,3
2020-07-10,0.0017476071465339262,0.005442909266691453,0.053225195854663926,0.10241918272489342,4
2020-07-13,-0.004624008312759558,-0.030459227148096752,0.014232785876180902,-0.031294179797161696,0
2020-07-14,0.016412972638101125,-0.006464146747407976,0.005718268447003059,0.013099686323903579,1
2020-07-15,0.006853841447274168,-0.02466286482562469,0.015358673752917168,0.019074500672006927,2
2020-07-16,-0.012381404630846337,-0.002985648858511928,0.002803544493124526,-0.029785727485036655,3
2020-07-17,-0.002021972873791173,-0.012724365220700149,-0.018671242850151173,0.00013329605943815782,4
2020-07-20,0.020854682999077487,0.07630823511693882,-0.008799917517005715,0.09049888548491682,0
2020-07-21,-0.013897577323196941,-0.018484694634580835,0.02145387289059976,-0.04649333201590645,1
2020-07-22,0.0028050709518064845,-0.012305027339411448,-0.007269334000799151,0.015167860710440668,2
2020-07-23,-0.04658486575511422,-0.03725419917985109,0.0029342003736273665,-0.05105769412846385,3
2020-07-24,-0.0024802577062684934,0.007458986752838637,-0.0070972734638702645,-0.06559870288489437,4
2020-07-27,0.023423764874928105,0.015270459525145965,-0.014141086032676746,0.08298067038819532,0
2020-07-28,-0.016563807450869085,-0.018126069617507432,0.004325024531903325,-0.04185494718429495,1
2020-07-29,0.018986878653671567,0.011004699826417956,0.023960858323833267,0.01520390470417943,2
2020-07-30,0.012027570132816632,0.0060308083157400725,-0.027047912734652558,-0.007781454581928156,3
2020-07-31,0.09956334696488295,0.036294147981264194,-0.003924591902127325,-0.038884339639871014,4
2020-08-03,0.024885475769550986,-0.01682166001089732,-0.005603424196060301,0.03720897247565101,0
2020-08-04,0.006656066555448904,0.008619861276316521,-0.005739680621535043,0.0013458747004375454,1
2020-08-05,0.003618067151582956,0.020871316739287018,0.017223867590392634,-0.0013323884879125765,2
2020-08-06,0.03429435770225357,0.0062115284906952865,0.000308739979613346,0.0030659693985973365,3
2020-08-07,-0.022998172171037695,-0.01800293843304236,0.021768345407754106,-0.025063424630081085,4
2020-08-10,0.014430181666888647,-0.006111826385309402,0.01259915847176652,-0.023781465364230404,0
2020-08-11,-0.03019093244587079,-0.02167112480516848,0.031108795882797947,-0.03163934754750347,1
2020-08-12,0.03269390846107983,0.026133573522779383,-0.008512234610620811,0.12331118921207428,2
2020-08-13,0.017542785093122393,-0.0003859062604570367,-0.005552594376546218,0.04172205380429948,3
2020-08-14,-0.0008915228744388314,-0.004121037907113718,0.0003907724159218392,0.018162259872136134,4
2020-08-17,-0.0026144895227378723,0.010865072977043023,-0.026718772060986773,0.10618769683979797,0
2020-08-18,0.008298109703161765,0.04006138810950659,-0.014038324645750928,0.02764276800974182,1
2020-08-19,0.0012541652399426862,-0.015825714532805114,0.0023365926420645757,-0.0045463782503080055,2
2020-08-20,0.02194698904180028,0.011250743012291311,-0.012045723860525385,0.0635722137952821,3
2020-08-21,0.05024861832366358,-0.003843813244746528,-0.000513871705339026,0.023768211540485355,4
2020-08-24,0.011889234512252843,0.006899163550113672,0.027765544014011954,-0.017607920006301417,0
2020-08-25,-0.008237412439052497,0.01173146611135582,0.004387889570860933,0.004527486632740915,1
2020-08-26,0.01350733709536683,0.02809711446991023,-0.014129426761484733,0.0621915738853809,2
2020-08-27,-0.012026374090610891,-0.012233678809977448,0.032369963392556024,0.03897652873348478,3
2020-08-28,-0.0016213022737504585,0.0005292501453169122,0.004095106731935486,-0.01138789608941323,4
2020-08-31,0.03334996052298561,0.014347795491567642,-0.02542505770149715,0.11839534141276628,0
2020-09-01,0.039059803775569085,0.013858994770032553,-0.0004993160357936818,-0.04782238606695396,1
2020-09-02,-0.02093618449913387,0.009197048337934825,0.01496648467725111,-0.060034084286439256,2
2020-09-03,-0.08344780298163149,-0.047389460231042485,-0.0031532070767147564,-0.0945727929773044,3
2020-09-04,0.0006616653026883,-0.02202820804028703,0.0213825054016706,0.02743348445504921,4
2020-09-08,-0.06966647706542169,-0.04493916629572862,-0.03539494295862586,-0.23651789445767657,1
2020-09-09,0.039111706005160445,0.037013109131374684,0.009462606853896854,0.10366923114657202,2
2020-09-10,-0.03319056308703065,-0.029022560577017922,-0.010363808123570607,0.013720031040026988,3
2020-09-11,-0.013215842243330077,-0.0187214757293059,0.012344623258236237,0.003709375196707332,4
2020-09-14,0.029558855424138775,-0.004261050710177225,0.013756661296212933,0.11852211424147706,0
2020-09-15,0.0015590794616938141,0.016986906487693396,-0.031625738746250694,0.06936453038904387,1
2020-09-16,-0.029957874680797095,-0.02503409881608985,0.004221559752658257,-0.017947393738460667,2
2020-09-17,-0.0160923963893934,-0.02279449983567252,-0.011500267590774745,-0.04237854336559032,3
2020-09-18,-0.03223424294318814,-0.018049831297685878,-0.00213310210389192,0.04326101937694436,4
2020-09-21,0.029875142038181014,0.0018798451658920037,-0.0313976313498787,0.016241895082045352,0
2020-09-22,0.015593632057831389,0.055362197019776946,-0.010971624054525212,-0.05761528541471742,1
2020-09-23,-0.042851254004903035,-0.04214463095521935,-0.01636353846839192,-0.10915761260898618,2
2020-09-24,0.010216488796161861,0.0066217097971920415,-0.0008627630177721463,0.019345803747202597,3
2020-09-25,0.03682964763850648,0.024642604582375296,0.008703705603530237,0.0491842305281949,4
2020-09-28,0.023588178815944213,0.025178461064278568,0.028372664067517917,0.033459528236176775,0
2020-09-29,-0.007596587480159325,-0.00923261654532486,-0.008458917392701451,-0.005069748902601041,1
2020-09-30,0.014963337180522876,0.0012233973846267278,0.009602510260682012,0.023442192423042928,2
2020-10-01,0.008426691865816705,0.022773457377156782,0.007245010015845929,0.043670173422939704,3
2020-10-02,-0.03281271241269873,-0.030338326155417573,0.009442480250568392,-0.07665503512528221,4
2020-10-05,0.030326437441633408,0.023466537334268914,0.020916180377110457,0.025192518630920653,0
2020-10-06,-0.029088283191625777,-0.03151160525254176,-0.010352446260927487,-0.02787018407731412,1
2020-10-07,0.016824662075793355,0.030413812448158245,0.017295126336842676,0.026977120398229415,2
2020-10-08,-0.0009563821177785791,-0.0016097349459189387,0.0203469829647959,0.0014567215247855486,3
2020-10-09,0.01724641706640127,0.02967554216621051,-0.005714979533375584,0.018793074176697643,4
2020-10-12,0.06158453243454968,0.0464540159772508,0.012178619333885135,0.018943822515122916,0
2020-10-13,-0.026885655575597717,0.0002033158031418585,-0.01633727912027161,0.009786884708723409,1
2020-10-14,0.000743088411424225,-0.023481628688544316,-0.0055722114151182615,0.032273287618783654,2
2020-10-15,-0.00396875233369326,-0.007478033616218114,0.014855997715128681,-0.02729299577407529,3
2020-10-16,-0.014099331866393672,-0.01994812848396483,-0.0020665817945052646,-0.020731092265373598,4
2020-10-19,-0.025873878948829733,-0.020216949722746604,-0.016988826124798937,-0.020310891071385614,0
2020-10-20,0.013105697756033027,0.0030508956211158598,0.00569512948583538,-0.020850455371877373,1
2020-10-21,-0.005461279014374564,-0.01001890884724982,-0.010013304623016315,0.0016576578966101716,2
2020-10-22,-0.009629395486807428,-0.002684886825932588,0.034712961122297374,0.007425427859397711,3
2020-10-23,-0.0061528106243109735,0.008776346822349299,0.008999256443747732,-0.01219258008931434,4
2020-10-26,8.72394704187849e-05,0.0008235515832760146,-0.025068553299384556,-0.0008324460631960825,0
2020-10-27,0.013382224748463564,0.02442300268945314,-0.019046134125145914,0.010414737676610572,1
2020-10-28,-0.0474188565511548,-0.038319991707740156,-0.028490251592140647,-0.04493353448533056,2
2020-10-29,0.03638056306118848,0.015134134911874026,0.006504545899551359,0.011777078527549948,3
2020-10-30,-0.05764820793484593,-0.055995337191590895,0.00891367059789913,-0.05707106115006527,4
2020-11-02,-0.0008272888533443417,-0.010485731675678473,0.02229143067604749,0.03163027338080621,0
2020-11-03,0.015236843491171777,0.014515652838803237,0.031034712976908276,0.05675891678442002,1
2020-11-04,0.040024858558658824,0.06131112770815112,-0.03103471297690827,-0.0069123197353376745,2
2020-11-05,0.03487828225041625,0.024635765802841537,0.040083367208813205,0.03983908014025376,3
2020-11-06,-0.001136702839524569,-0.0032050668056014093,-0.013410057361667544,-0.018755444602258167,4
2020-11-09,-0.020169898669166478,-0.0519488297063862,0.12697829033924934,-0.020418708541599162,0
2020-11-10,-0.0030135099950615225,-0.03519509049367411,-0.0032558363508834657,-0.026215382510501505,1
2020-11-11,0.029901070056962676,0.03317322672809136,-0.015045679411017372,0.016363110813065698,2
2020-11-12,-0.0023459364819406726,-0.008678484699991355,-0.012360407969191162,-0.012957330573612593,3
2020-11-13,0.0004191564638083991,0.005939975842648188,0.006243163209327764,-0.007948653293047676,4
2020-11-16,0.008682707993027715,0.0007187867984453675,0.027834822510152867,-0.0010042223136041864,0
2020-11-17,-0.007593262339750698,0.001468143007621713,-0.010196674306366681,0.07893944622909929,1
2020-11-18,-0.011456564390839669,-0.009677888280344956,-0.007434461563870938,0.09709745318946535,2
2020-11-19,0.00515486897747123,0.003715583547472407,0.002686181037766032,0.025622441945055478,3
2020-11-20,-0.01101783104449871,-0.0056688516272875725,-0.008603770863394625,-0.019537882465358328,4
2020-11-23,-0.03019387329471603,-0.0003259651773973119,0.02839625470858666,0.06377098448424992,0
2020-11-24,0.01152746505493723,0.006328425701275153,0.04520007762559869,0.0622723727366544,1
2020-11-25,0.007439417095901393,0.021263218006347694,-0.01051543707338701,0.03297682427747412,2
2020-11-27,0.004814714312970723,0.003219256968037136,-0.006660019943156489,0.02028074420821668,4
2020-11-30,0.02088005905777309,-0.008580433078829422,-0.02793979738172606,-0.03149318478843732,0
2020-12-01,0.03036173015501555,0.0162931356533559,0.015655493995027504,0.029784568093447848,1
2020-12-02,0.002929272659318346,-0.00515287341781244,0.019026183182885768,-0.02763741793314288,2
2020-12-03,-0.0011381315536096903,-0.005257991204430573,-0.006576855886336934,0.04227093212295058,3
2020-12-04,-0.005628209554236505,-0.007607189417695092,0.009032193233796355,0.009493325730045684,4
2020-12-07,0.01219523377775503,-0.001449259101838023,-0.0037671951041975678,0.068886056292822,0
2020-12-08,0.005077860576484401,0.0060897673194401595,0.0009840186780075064,0.012573321033348567,1
2020-12-09,-0.021125265011942448,-0.023272568006966705,-0.007817156248810629,-0.07241913725041024,2
2020-12-10,0.011917512852347208,-0.0008734778193995013,-0.006464539811434541,0.03668958724599977,3
2020-12-11,-0.006757591729646185,0.004802302959357711,-0.005921036198895972,-0.027615591895456065,4
2020-12-14,-0.0051599211227011535,0.012927776593180737,-0.010594492813245556,0.04775997018342951,0
2020-12-15,0.04887625275722091,0.0025782705182143205,0.016931040206062828,-0.010337277993335172,1
2020-12-16,-0.0005474826805114643,0.023678659082595685,0.0029045537024295926,-0.016688013184044656,2
2020-12-17,0.0069392913825827894,-0.001506881775001751,-0.008321398375280774,0.05183107739238726,3
2020-12-18,-0.015977864234636024,-0.010696397444651836,-0.0049425778386715065,0.05790353852575241,4
2020-12-21,0.012319349284499213,0.001413904523066775,0.036850720177212325,-0.06715493498509616,0
2020-12-22,0.028066804561969926,0.00010602891458408637,-0.015333515584423335,-0.01475762913420309,1
2020-12-23,-0.00700028884699677,-0.006649178948489452,0.027561067764993986,0.00876920991536227,2
2020-12-24,0.00768249372477577,-0.003957235360226408,-0.004407363654818745,0.024149533626973363,3
2020-12-28,0.03514101831957983,0.034470151618254896,0.006563582751965714,0.0028971067347807124,0
2020-12-29,-0.01340426892063178,0.011517048584034767,-0.002636135664566692,0.0034595328945027123,1
2020-12-30,-0.008563225653637796,-0.01094170357368153,0.0027959454716454083,0.04232058232357712,2
2020-12-31,-0.007732574758866504,-0.008840331459923346,0.013548343544063122,0.015552413007484785,3
2021-01-04,-0.025029751883621665,-0.02182109847190733,-0.009488418281182312,0.03358173995604568,0
2021-01-05,0.012287625447097243,0.009954646073317086,0.005426715315495137,0.007290726849836652,1
2021-01-06,-0.03424104337378802,-0.025211776834210834,0.045886674641399776,0.027994766442436515,2
2021-01-07,0.03355413753012796,0.007548565530855581,0.032311200569969216,0.07644846869014829,3
2021-01-08,0.008594189664272535,0.006474509430722278,0.0011036651318241436,0.07548123816080572,4
2021-01-11,-0.023523337869439265,-0.021754382256951105,0.014814085950383683,-0.08144231364811663,0
2021-01-12,-0.0013966598431869566,0.002123540741920703,0.01559674017303902,0.046075003355075396,1
2021-01-13,0.016096314614211737,0.014335165650269394,0.0009263801034182334,0.00583390055163722,2
2021-01-14,-0.015242649712871533,-0.01220978211670719,0.005825721911521336,-0.011074621019438693,3
2021-01-15,-0.013825606270205851,-0.007452299659631569,-0.018084028428110476,-0.02254816438492551,4
2021-01-19,0.005412448399168344,0.005304424924284414,-0.004337419310376745,0.022015499815695144,1
2021-01-20,0.03232808773391115,0.044686981065348005,-0.015109148061140758,0.00696170884124915,2
2021-01-21,0.036002180322108994,0.01327491862890803,-0.008419671651065578,-0.006440854103183227,3
2021-01-22,0.015945799746370254,-0.004473303364494828,-0.00774317047453932,0.0019507385857471659,4
2021-01-25,0.027307546016218206,0.0005374909810066927,-0.012560996424487481,0.039555086200732226,0
2021-01-26,0.0016777775858127105,0.009706872588035214,-0.00409547653762553,0.002596544878530684,1
2021-01-27,-0.007713201591909888,-0.028528919404602372,-0.028679147716624716,-0.021669174678462418,2
2021-01-28,-0.035611747834844734,0.001557905206109897,0.017444398418359677,-0.033811459334112025,3
2021-01-29,-0.038138861674824415,-0.009752051571646207,-0.0111292993751106,-0.051455133708131096,4
2021-02-01,0.01638509713706887,0.041746274050055085,0.007355978840038059,0.05668432585298431,0
2021-02-02,0.006316649996030155,0.011043015400718599,0.030318232025908953,0.03851924269165984,1
2021-02-03,-0.007808792391921973,-0.020163489626646183,0.011386181295492181,-0.020956118951172036,2
2021-02-04,0.02543193251069721,0.00556035766663457,0.02275239199140178,-0.005514295631595512,3
2021-02-05,-0.003102753483274717,0.0063293425623789645,-0.0019550697189426327,0.002631883215661463,4
2021-02-08,0.0010957579043071202,-0.008751967758836224,0.015533449790996008,0.013044842106937113,0
2021-02-09,-0.006595282065895438,-0.005413479034808956,-0.0040041234692966355,-0.016300455142510474,1
2021-02-10,-0.004568994972549387,-0.005588994815406755,0.0005729823726282295,-0.053982110546516617,2
2021-02-11,-0.001921878536888544,-0.007467083315264711,-0.002796356159367593,0.008462878423046197,3
2021-02-12,0.00177419952084109,0.004764600739063575,0.014116884934652758,0.005479859012751231,4
2021-02-16,-0.016235071625406362,-0.002676197092374675,0.023785570253810256,-0.024685864957400334,1
2021-02-17,-0.017801409238161595,0.012068471325383062,0.0031062482249869135,0.0024209343993348833,2
2021-02-18,-0.008673770992929283,0.005903355134450001,0.0033712011177818137,-0.01358555824881115,3
2021-02-19,0.001232557378223255,-0.023816428691007405,0.016552839892724623,-0.007751801260508434,4
2021-02-22,-0.030251910096870924,-0.02151030634661799,0.009346658667738407,-0.08937612559287707,0
2021-02-23,-0.0011118256158298794,0.004316729031036398,0.007999780281236546,-0.022161184525391956,1
2021-02-24,-0.0040603861447228475,-0.011007327640787778,0.017441989081024144,0.059954347975619646,2
2021-02-25,-0.03540194677304432,-0.03293690001850802,-0.013664727458953701,-0.08402401628244031,3
2021-02-26,0.0022292047490041276,0.011632467716052848,-0.02688259420622676,-0.009898985904473094,4
2021-03-01,0.052451312364074264,0.017057488725899683,0.02237482736655895,0.061615106636751404,0
2021-03-02,-0.02111501869250114,-0.016540301818484742,-0.003261327334749223,-0.04554943930628858,1
2021-03-03,-0.02476062072119107,-0.029358478249911932,0.01914769263374676,-0.04963546753524194,2
2021-03-04,-0.015938247365868546,-0.009170074897274566,-0.015487904850469534,-0.04984401019282242,3
2021-03-05,0.010681159798933651,0.007658083796422065,0.002321885975575265,-0.038532236280417013,4
2021-03-08,-0.04256671172547593,-0.016299583149453855,0.013166018874894157,-0.06022747806878096,0
2021-03-09,0.03984499102432206,0.036879873274693574,-0.0070882212788870936,0.17932714140524914,1
2021-03-10,-0.009208742119232088,-0.0017024656850275469,0.021502075782333215,-0.008228833280182691,2
2021-03-11,0.01636791989998168,0.018133028189585527,-0.005235185025890452,0.046130766690605556,3
2021-03-12,-0.007654556164528137,-0.0077703841773409145,0.01178865184142787,-0.008425900400429927,4
2021-03-15,0.02416232316591344,-0.002531144890792291,-0.005007520610813457,0.02027649657712341,0
2021-03-16,0.01266253447401339,0.0032979661178309406,-0.012043640816917531,-0.04486533694757771,1
2021-03-17,-0.006471587670593418,0.014089129048404545,0.01023967338430564,0.03616869761350537,2
2021-03-18,-0.0344930326093356,-0.03496292546552067,0.01637175401209163,-0.07184055905976201,3
2021-03-19,-0.004490418116013153,0.015392830040768038,-0.01604929400775474,0.002614584056873359,4
2021-03-22,0.0279416968290194,0.011610547696605156,-0.02724681860882558,0.02284097771296026,0
2021-03-23,-0.006912555425320442,0.008523856571831514,-0.010052281823958018,-0.011770465503008509,1
2021-03-24,-0.020196190354749635,-0.016203881085462144,0.007731435299194051,-0.04935894253519092,2
2021-03-25,0.004155029971870407,-0.013307791454017294,0.012732247620244863,0.015929083234572167,3
2021-03-26,0.005128246131380254,0.0018923206745425616,0.01651295750900799,-0.034440713289359076,4
2021-03-29,0.001483970514198366,0.007735312514846097,-0.015661421040277654,-0.012065159218404247,0
2021-03-30,-0.01235046689449221,-0.006667777807782873,0.011720524251963856,0.039029424523405194,1
2021-03-31,0.018591826408459026,0.012616087083554913,-0.014672160177534616,0.04958242699342897,2
2021-04-01,0.006934357361729754,0.021397878158709596,0.009675180703204462,-0.00929552576717066,3
2021-04-05,0.023303743185736022,0.020580800847156144,0.005286901332726606,0.043324388497766333,0
2021-04-06,0.0024592282121770137,-0.0009022971624071701,-0.0070553179758344,0.0008244361718844317,1
2021-04-07,0.013301533869076643,0.01709045911872312,0.015546725180274387,-0.03031223705748461,2
2021-04-08,0.019051008996602444,0.006052887214350471,0.0012252914112622,0.018941076007001657,3
2021-04-09,0.020049303157450207,0.021855051421528913,0.007450570732114843,-0.009964638245883383,4
2021-04-12,-0.013321359616052264,0.002129852126864464,-0.0021137343825845933,0.03620406408291566,0
2021-04-13,0.024015800860522702,0.006080225513606812,-0.011998801016552723,0.0824615371588125,1
2021-04-14,-0.018014183277151416,-0.019902668921269934,-0.018867092083696524,-0.04027179907894094,2
2021-04-15,0.01853475193085055,0.013733669660684043,0.006328513415866451,0.009000306677510112,3
2021-04-16,-0.0025311021221441164,0.006004280530908502,0.0073986398754602905,0.001257911412789418,4
2021-04-19,0.00505569764692189,-0.008101740463144907,-0.0042491687250555445,-0.034587909254449344,0
2021-04-20,-0.012912765512778215,-0.011129268476364956,-0.0223912158308087,0.006082481415169929,1
2021-04-21,0.0029255675541279905,0.008162267510845943,0.008472374717281789,0.03435484924604316,2
2021-04-22,-0.011754095988708003,-0.015883879438343667,-0.021282407043984625,-0.03338171795091616,3
2021-04-23,0.017877878950136882,0.009576191314045886,0.018954849178241456,0.01340170287553078,4
2021-04-26,0.0029733964435368866,0.020184691912166108,0.002460042835448146,0.011992516455123612,0
2021-04-27,-0.002452635130565111,0.0024698649221989518,0.004572836947466576,-0.046385859854230695,1
2021-04-28,-0.006045571598520379,0.011946146532530181,0.0064584454242193265,-0.014780794025162398,2
2021-04-29,-0.0007486250749853268,0.003697092085053035,0.019257754623428328,-0.02537683713134589,3
2021-04-30,-0.015249446152425327,-0.0011212645540177846,-0.008932235876371077,0.04680461290993818,4
2021-05-03,0.008181764037234996,-0.02361686640013657,-0.0029300113328396106,-0.035203052789871174,0
2021-05-04,-0.03602649606864168,-0.022280927908247625,0.013728896034144487,-0.016636360929421883,1
2021-05-05,0.0019535985056053236,-0.012557955081461925,0.013035502056956345,-0.003956776807325818,2
2021-05-06,0.012721147683909525,0.010895826077640012,0.019924615323606336,-0.011090612633393284,3
2021-05-07,0.005313387824132434,-0.004474051509126132,0.003416960335436947,0.013219694470214068,4
2021-05-10,-0.026143327902676212,-0.031202294199865952,-0.00012403118106095223,-0.0666139869184463,0
2021-05-11,-0.0074378624109582596,0.010420336143649124,-0.01676329384633824,-0.019001672485714396,1
2021-05-12,-0.025254879744726393,-0.022576744303825176,-0.006898847875538616,-0.04525703659502106,2
2021-05-13,0.017761218085236914,0.0030189822880309276,0.02539717989769189,-0.03133918628539079,3
2021-05-14,0.019650392618263735,0.019244482527551766,0.015422443786977873,0.031084853734470938,4
2021-05-17,-0.009301722865554578,0.01462764646007257,0.004015788497874183,-0.02213414578006038,0
2021-05-18,-0.01130945409426913,-0.011721487581113643,-0.014188717553051752,0.0018013224952045325,1
2021-05-19,-0.0012824206488903458,-0.00014852585753418506,-0.00766759058890456,-0.025252562795766022,2
2021-05-20,0.02079451013629674,0.004901676923524499,-0.001739134707870283,0.040553601408475165,3
2021-05-21,-0.014877169605350576,-0.013828021471269424,0.011314179075625055,-0.010105809239520404,4
2021-05-24,0.013226116130931598,0.0129993563234214,0.00539545253807222,0.04306162202970284,0
2021-05-25,-0.0015747088947687298,0.004323491452926749,-0.010387473681572765,-0.002889839951081735,1
2021-05-26,-0.0003940187062109987,0.0018730010825371592,-0.0001236706873697373,0.023599290742317446,2
2021-05-27,-0.0124541524840809,-0.010792589148289969,0.015452022677298722,0.018752900206065234,3
2021-05-28,-0.005362184312788152,-0.002181807353604432,-0.0006696034341161702,-0.008964584890580543,4
2021-06-01,-0.002651920855926723,-0.0013723560569097765,0.010960143229479089,-0.002113500469111133,1
2021-06-02,0.006256419250717975,0.004754641593085972,6.037003077107777e-05,-0.030563287475861584,2
2021-06-03,-0.012228615893057244,-0.014633490299348802,0.0006618502279681147,-0.05482031154624074,3
2021-06-04,0.018843627088451578,0.0060095641643640885,0.0016237931638661781,0.04473860632554917,4
2021-06-07,7.945447234938275e-05,-0.0025639767739557943,-0.004697334539742445,0.010098272085864791,0
2021-06-08,0.006649762386995817,0.02045844509486988,-0.00399216048304108,-0.0025481655598922595,1
2021-06-09,0.0030725368029894395,0.005206770515708458,-0.01256359098827249,-0.008000903407653626,2
2021-06-10,-0.008055832567469553,0.020661910893956897,-0.015711237721990016,0.018761400839628444,3
2021-06-11,0.009784800342946856,-0.0008421810689315857,-0.0006860988167174075,-0.00037708912038201647,4
2021-06-14,0.024280684564593858,0.011006334685231454,-0.017114846746329963,0.012708130416930218,0
2021-06-15,-0.006458420162339984,-0.00021872359760794925,-0.015284027060036828,-0.03012429716067012,1
2021-06-16,0.003926134374891885,0.009449397061352359,0.006999524197857889,0.009151155788618984,2
2021-06-17,0.012521889669990863,0.02143330072900694,-0.029284683703199272,0.0192069740346885,3
2021-06-18,-0.010142760625990677,-0.000670883305820527,-0.025629066186524323,0.010823457790850165,4
2021-06-21,0.014005620328549385,-0.009491708765252797,0.01682636099929312,-0.003986737073227676,0
2021-06-22,0.012618150164408318,0.014794678093753032,-0.001463480688564126,0.004628256702323586,1
2021-06-23,-0.0020919601929887998,-0.00046229652298874693,0.006039915421652155,0.051343820984031875,2
2021-06-24,-0.0021716736510451915,-0.015746270765313524,0.00915590671036389,0.03479874196476401,3
2021-06-25,-0.0022508394642766216,-0.013902758645549816,0.010047069696297218,-0.011763228305736152,4
2021-06-28,0.012467749337493566,0.012396928694551673,0.0018158318964482207,0.02476994196174637,0
2021-06-29,0.01143447402084409,0.0012332733462509843,-0.001231791923333963,-0.011624991064809973,1
2021-06-30,0.004610810744768386,-0.0023169853895690052,0.00904155272355389,-0.0015582931945795787,2
2021-07-01,0.0022607378361400705,-0.002092189192267082,0.009852419762305383,-0.00262225819371756,3
2021-07-02,0.01940667539359997,0.02246941064938596,-0.0009607278980050398,0.001444593124038416,4
2021-07-06,0.014611606565491065,0.04585930904650017,-0.016934381067018153,-0.028870583198134143,1
2021-07-07,0.017795877344123585,0.0056535525885647525,0.0011727301960445902,-0.02289574720602526,2
2021-07-08,-0.009242471163648174,0.009378115281815287,-0.017404392341559983,0.01257859403128338,3
2021-07-09,0.012970627035751225,-0.0032399471675578434,0.0314983487804621,0.006321812249024031,4
2021-07-12,-0.004212717388078717,-0.00021237069203446337,0.014214199258363007,0.042832279170544656,0
2021-07-13,0.007858238083333722,-0.011138754050319735,-0.014985107159675094,-0.02534398967789286,1
2021-07-14,0.023814638253224673,0.0011740849089997769,-0.0034110360800636793,-0.02293732311171139,2
2021-07-15,-0.0045020848934081365,-0.013806009042966375,0.0021897227066748686,-0.004263873629526309,3
2021-07-16,-0.014175976337096823,-0.015981254351190455,-0.02310043082865129,-0.009854715165981626,4
2021-07-19,-0.027283400390687898,-0.006749758546577603,-0.033059394793694664,0.003099673103658058,0
2021-07-20,0.025642654569158558,0.006626609097477396,0.018471332545017153,0.021857165705963834,1
2021-07-21,-0.005144925831681219,0.0033554749445127334,0.020822359350535006,-0.007919294852611359,2
2021-07-22,0.009582457500313923,0.014628121323517897,-0.012706373037913965,-0.00924460786068585,3
2021-07-23,0.01191767970089019,0.005102345801164877,-0.0019229180109032002,-0.009097683584931696,4
2021-07-26,0.002890485759463849,0.011739458318775495,0.006681916663224941,0.02189168871378688,0
2021-07-27,-0.015012499082839945,-0.02004647134574264,-0.0013195854689010613,-0.019718078031379437,1
2021-07-28,-0.012270761501584822,0.0010831503488784933,0.0016496354810563599,0.0034062276545409947,2
2021-07-29,0.004541732254247687,-0.008409199103878962,0.008532822543824911,0.04587275846182932,3
2021-07-30,0.001509445759248368,-0.07866330887549154,-0.008005853666187338,0.014437208664382839,4
2021-08-02,-0.002333222843443778,0.0011683541547145397,-0.004027090959320842,0.03217472594711166,0
2021-08-03,0.01256464433004956,0.010379692962522098,0.011313606736490376,9.862134908657855e-05,1
2021-08-04,-0.002786249025785809,-0.003428109147843768,-0.01085057859137431,0.001661168327351945,2
2021-08-05,0.0007485989144892249,0.006320347457217287,0.0125496614135006,0.005205072568156722,3
2021-08-06,-0.0047783912528500195,-0.009239891315900388,0.028008058759858727,-0.021971130346089583,4
2021-08-09,-0.00034263986537627536,-0.0009181548153357011,-0.0010804638121385338,0.02075293960905606,0
2021-08-10,-0.0033594391223569172,-0.006361004973165342,0.012192848658001793,-0.005295892009324611,1
2021-08-11,0.0017840108046134518,-0.008640868502137664,0.011859699936262088,-0.003061037245157465,2
2021-08-12,0.020560261238834244,0.0034538388189029033,0.0039014692026085127,0.020181504916966016,3
2021-08-13,0.001409739371934569,-0.0028889970825907705,-0.011250634745350846,-0.0070584091033222005,4
2021-08-16,0.01345672707522538,0.0015227871766333222,-0.006585020097788957,-0.04418754471286682,0
2021-08-17,-0.0061728927304098465,-0.017438191452478862,-0.012154182212385312,-0.03027123516946714,1
2021-08-18,-0.025831701811041417,-0.012646113476257194,-0.009149256729612752,0.03437259258571844,2
2021-08-19,0.0023201106736594913,-0.004216696494284563,-0.00839117183971288,-0.022783267048393844,3
2021-08-20,0.010105781950501398,0.0038198497898503034,0.002847836747386098,0.010031571629142592,4
2021-08-23,0.010204633308202168,0.02039103748353467,0.01271644887728522,0.03756503320848795,0
2021-08-24,-0.0006013499327547531,0.012146253464241655,0.006170959413032625,0.0030958501857263057,1
2021-08-25,-0.008456880805710892,-0.0019985098458953207,0.020402765151245537,0.0038177489873267093,2
2021-08-26,-0.005542725895103057,0.005085305152845157,0.005144734975624559,-0.014217568331421088,3
2021-08-27,0.007159264200980538,0.010090674197310714,0.008004983703951883,0.015229452832627683,4
2021-08-30,0.029963559852134638,0.021249618004886027,-0.0161366875264933,0.026324794631827943,0
2021-08-31,-0.008460311026577972,0.014282714711431693,-0.0030587688714831924,0.0065592749200010505,1
2021-09-01,0.004468858142568635,0.0023626160329893353,-0.0014388033759691315,-0.002217981262751364,2
2021-09-02,0.007446932432628364,-0.004574927931495782,0.004622243336420525,-0.00231847373209337,3
2021-09-03,0.00422156362081987,0.004301820154126882,-0.006063227786600956,0.0016098361025145228,4
2021-09-07,0.015370355492927855,0.008941925919554996,-0.0017577684426622938,0.026035942688487673,1
2021-09-08,-0.01013491653209606,0.004608538783881409,-0.004469077765436532,0.0012609548743898497,2
2021-09-09,-0.00672718181125344,-0.011795296134862758,0.004343860297241487,0.001312369553312357,3
2021-09-10,-0.03366220769984582,-0.004317307606338972,-0.01156222569808004,-0.024935356375548032,4
2021-09-13,0.0038858742457843695,-0.0034592661286029646,0.015762067380781085,0.009099139444443169,0
2021-09-14,-0.009608115230036464,-0.0020761346389200496,-0.017606557956418235,0.002003341828722264,1
2021-09-15,0.006125279746678545,0.007447589064120205,0.006915503325405056,0.015117058319369688,2
2021-09-16,-0.0016119750421962613,0.003575505609499879,-0.0004427646724792626,0.0015335851645735571,3
2021-09-17,-0.018518595162535397,-0.007400637151307249,-0.002596952631431642,0.0032970919669145526,4
2021-09-20,-0.021592383902385433,-0.03132736193754281,-0.030390952994836927,-0.03936976129858423,0
2021-09-21,0.0034220671142636983,-0.0036122637458179565,0.0001305422354937421,0.012534643183807646,1
2021-09-22,0.016731428942625075,0.010833453848678572,0.018971678648866574,0.01684451236014587,2
2021-09-23,0.006697025083825441,0.010579777062858911,0.033242753763808953,0.002258262820491851,3
2021-09-24,0.0006126665077173651,0.0027829969154169873,0.011474006472518079,0.027160841972020323,4
2021-09-27,-0.010606066281091966,-0.005773469524888403,0.02387845230008326,0.021677401377557137,0
2021-09-28,-0.02408898912008344,-0.026732621677354657,-0.0054044538388828426,-0.017592195347548873,1
2021-09-29,0.0064620699116342325,-0.004485396155336227,-0.0007828867787771359,0.0048111864344248965,2
2021-09-30,-0.009355562106958275,-0.004882981617736262,-0.013712226876703277,-0.0074897880450971975,3
2021-10-01,0.008094294522593231,-0.0005420246980202862,0.020797425427375726,-0.00033534501293734615,4
2021-10-04,-0.02491341038635239,-0.02888485808454832,-0.0010775675431813016,0.008106673348889567,0
2021-10-05,0.014059132157651725,0.009739950346903852,0.016198391765361784,-0.0012035741082394261,1
2021-10-06,0.00628737673320242,0.012651646071788683,0.0021320570490426507,0.002763320999873195,2
2021-10-07,0.009043557276533895,0.012315060502089633,0.006310784574815078,0.01377889392912291,3
2021-10-08,-0.0027255676092378554,-0.004190573462060326,0.0007638893520379785,-0.010284539562274665,4
2021-10-11,-0.0006297977699577078,-0.012952121105274618,-0.02125571635163291,0.008177997401230774,0
2021-10-12,-0.00914500114518593,0.0003172241904451794,-0.007711073885547622,0.01725061613832015,1
2021-10-13,-0.00424863959860676,0.011314351840536129,-0.02672053421776571,0.006630349593761303,2
2021-10-14,0.020023567749190105,0.004732543058962018,0.015225262344555105,0.008886865672994949,3
2021-10-15,0.0074845278183882395,0.03254486320029431,0.019026013034123917,0.02974907491710917,4
2021-10-18,0.011736901581764785,0.01100400576947037,-0.0003600438480873592,0.03161711443997285,0
2021-10-19,0.014967363355288454,-0.0007517249304827118,0.012055763555550252,-0.006734486474692475,1
2021-10-20,0.003355952312493528,-0.00848206698962188,0.013376181062264255,0.0017687488821671587,2
2021-10-21,0.0014724395378514121,0.005824760045406363,-0.007874465390586814,0.03205181901693134,3
2021-10-22,-0.00529880773460984,-0.029382296136388146,0.013361353474260963,0.017387072543931938,4
2021-10-25,-0.0003361318593754404,-0.004561377086082202,-0.00490171581515532,0.11921843486746743,0
2021-10-26,0.004564232442124737,0.016636110939323188,0.0026874506367518276,-0.0062938149592970775,1
2021-10-27,-0.003152229172933088,0.004851848967382222,-0.021048481224160948,0.018898727534898532,2
2021-10-28,0.02468424512539413,0.01581542696620515,0.014962375506007762,0.03705562944417333,3
2021-10-29,-0.01832238852438447,-0.021745984346714802,-0.0027627991833182033,0.03374062327713504,4
2021-11-01,-0.005623390533030584,-0.01623822909338356,-0.0005300364606005531,0.08149724419582528,0
2021-11-02,0.00709073442419426,-0.0016167159617979095,0.0039381787009814895,-0.03074274797958024,1
2021-11-03,0.009751073661613801,0.021279781969291613,0.0003518663353717351,0.03509368755165895,2
2021-11-04,-0.0035046282456490884,0.02711146442608225,-0.013222402200817544,0.01313564628546233,3
2021-11-05,0.0035755097845201543,0.012004091021206855,-0.0014273730359341806,-0.006378469186125081,4
2021-11-08,-0.005567661135405352,-0.008564519878774466,0.005992092926449621,-0.04961124617557869,0
2021-11-09,0.0024563230306896677,0.024699674045048896,-0.007600071715670285,-0.12772318728902374,1
2021-11-10,-0.019349228654545452,-0.026687971077505174,-0.0009540449061453831,0.04251283809069096,2
2021-11-11,-0.00033802268450875507,-0.0027463665972794556,-5.951766295592883e-05,-0.0041661953768667185,3
2021-11-12,0.014234980060165587,0.015048234458080111,-0.004484821070371386,-0.028701065279561472,4
2021-11-15,6.659561749179813e-05,0.005806911669058077,-0.001799431608287234,-0.01957254315692035,0
2021-11-16,0.006644603358352219,-0.001405473377029005,-0.007230799236460155,0.03998366090579434,1
2021-11-17,0.016355953796590855,0.0023413880700420314,-0.005396779500338395,0.031984216103858806,2
2021-11-18,0.028136240902789857,0.040601497259703,-0.008671310386898045,0.006744812791821567,3
2021-11-19,0.0168336335709933,-0.005287066211290259,-0.013149760449696282,0.03643213445735007,4
2021-11-22,0.002923150308138178,-0.02869509488188082,0.021091270742567246,0.017272096909531555,0
2021-11-23,0.00241908560363751,0.002088774763957146,0.02363096015886979,-0.04223229344871564,1
2021-11-24,0.0032782492836119226,0.00010331000315118602,-0.007875228825637607,0.006265105659810634,2
2021-11-26,-0.03219118170047565,-0.021412317856405228,-0.030589712151167833,-0.031013582803841335,4
2021-11-29,0.02163765896883022,0.016136535670027943,-0.004332229413027021,0.04964715675134432,0
2021-11-30,0.031089286045777438,-0.015420562086679022,-0.014997696145629862,0.006810578672784683,1
2021-12-01,-0.003211033732788552,-0.018228623739821467,-0.0059356923115965405,-0.044440653310942796,2
2021-12-02,-0.006148797804920768,-0.001848596514633391,0.020809206901084572,-0.009543130353379798,3
2021-12-03,-0.011793823873985032,-0.013935728778151546,-0.018279215361322352,-0.0663521763056877,4
2021-12-06,0.02127488491695152,0.011025217696555534,0.011744555354388434,-0.005889394805839068,0
2021-12-07,0.03483258075599939,0.027602038798318594,0.014935651234794014,0.04148581070093519,1
2021-12-08,0.022527587409551096,-3.689939734869626e-05,-0.011507358328776621,0.016230761245708623,2
2021-12-09,-0.0029747024212418826,-0.011343741238858878,-0.001556702988151456,-0.06289341727027524,3
2021-12-10,0.027628150531476717,-0.011311296797986634,-0.003996554366449581,0.013093827482800639,4
2021-12-13,-0.02089114014205579,-0.015475202151186945,-0.011959507952915737,-0.051053775924629424,0
2021-12-14,-0.008055549590553613,-0.002811076756339546,0.00763265006256706,-0.008208173270999982,1
2021-12-15,0.028110501840770272,0.024670732493370397,-0.00750620660112641,0.018072325435531507,2
2021-12-16,-0.04005552386521484,-0.02597563931621664,0.015517752567108125,-0.051585055672323236,3
2021-12-17,-0.006523039923225507,0.006766260845510533,-0.023016869329346046,0.006076947341899706,4
2021-12-20,-0.008154995103458627,-0.01743466066061881,-0.018153094254114228,-0.03561605979548491,0
2021-12-21,0.018907004614870805,0.01978169533389277,0.013869530621275772,0.04198665654283043,1
2021-12-22,0.015202510216572707,0.003631503982249459,0.0039007830339400236,0.07227140942458773,2
2021-12-23,0.0036370995096299654,0.00018411946479317587,0.003567078777536538,0.05602002567418564,3
2021-12-27,0.02271493616788988,-0.008211646321395375,0.00570691450248943,0.02493491640225287,0
2021-12-28,-0.0057837913630202145,0.005826710732445391,0.0030301783345414056,-0.0050128185500081576,1
2021-12-29,0.0005019986491927829,-0.008591725101779567,-0.0005043925141587286,-0.002096907250306926,2
2021-12-30,-0.006600373446661748,-0.003294427727342962,-0.0005046470543606335,-0.014699782732613053,3
2021-12-31,-0.0035412346048227105,-0.011495217795266778,-0.0008205004583880832,-0.012749774874751605,4
2022-01-03,0.024696585086093174,0.021877258953900566,0.020934903446695317,0.1269116289226746,0
2022-01-04,-0.012772951389081483,-0.017060289689663746,0.03720880626699378,-0.04273287830059682,1
2022-01-05,-0.026960103383030377,-0.019073846316683307,-0.01845165496315491,-0.054953895352910696,2
2022-01-06,-0.01683410345899139,-0.006733601858714689,0.010568278818247918,-0.021758379841487693,3
2022-01-07,0.000987886499524488,-0.004296997177475961,0.009859709584172037,-0.03609004895021842,4
2022-01-10,0.00011602983974164933,-0.006591854785116594,0.0009564607696427738,0.029890740749494566,0
2022-01-11,0.016644805735596145,0.023718602439306714,0.0010154666984355243,0.005917481776156395,1
2022-01-12,0.0025667163892305086,-0.0009377696670975312,0.005655982368484549,0.03853754612843837,2
2022-01-13,-0.019211522124826554,-0.024466534551061184,-0.0012476185641983378,-0.06987655465675016,3
2022-01-14,0.005097621666009469,0.005715124523055335,-0.0634332789426668,0.017346435457551865,4
2022-01-18,-0.019074655114905237,-0.02006265472349509,-0.04283232772696516,-0.018364847454341894,1
2022-01-19,-0.02124895539764155,-0.016614359071245203,-0.015589787542473357,-0.03441330009854252,2
2022-01-20,-0.010401189989104663,-0.030080217077818206,-0.00856422147454985,0.000622510083264904,3
2022-01-21,-0.012847176556293123,-0.06134555364691525,-0.0176269207912226,-0.0539980722931419,4
2022-01-24,-0.004876039856588425,0.01323896043083007,-0.0008968424266366028,-0.014835635717323473,0
2022-01-25,-0.011450462302261172,-0.03204163984338447,0.01084161292549313,-0.012551567227813773,1
2022-01-26,-0.0005631071193067396,-0.007986135126473034,0.009441235340631356,0.02048773822340817,2
2022-01-27,-0.0029475324627135802,0.005493528624727967,-0.01780201769098338,-0.12277997465910719,3
2022-01-28,0.0674507083710076,0.030610731040560255,0.008906571147354842,0.02059221036289143,4
2022-01-31,0.02579054476465473,0.038127433338896885,0.013481950332700533,0.10145138741776683,0
2022-02-01,-0.0009730376618348783,0.01077253018259915,0.017014690154920693,-0.005856643341232021,1
2022-02-02,0.0070192522532319555,-0.0038501180924552735,-0.008037485347602449,-0.02786380690498853,2
2022-02-03,-0.016861005539084945,-0.08134849507057183,-0.008304371930207721,-0.016162405874435497,3
2022-02-04,-0.0016807198118562344,0.1269489157684572,0.025627293520507403,0.035474386816493036,4
2022-02-07,-0.0042437571258894915,0.001875974577811346,0.003337368584684855,-0.017458706575610557,0
2022-02-08,0.01829829854002099,0.02178265381683596,0.01863979057526667,0.016028052271245364,1
2022-02-09,0.008259614070794471,-0.0013886979453967615,0.004159486906017929,0.010787525285489406,2
2022-02-10,-0.023881775549165263,-0.013654506185153747,-0.004159486906017852,-0.0298952129692807,3
2022-02-11,-0.020425631812382376,-0.03657177570139793,-0.013102215764916993,-0.050505215210130634,4
2022-02-14,0.0014224620760769735,0.012147601490993106,-0.00933384912093643,0.018159773032297852,0
2022-02-15,0.022888257800015445,0.008621083638872947,0.014517762142781715,0.05191932445845771,1
2022-02-16,-0.0013897097469270452,0.010107783346743868,0.0018079461389842993,0.0010402120327626255,2
2022-02-17,-0.021498548053088307,-0.022050230393006458,-0.023301293462462416,-0.05228610180162916,3
2022-02-18,-0.009399864015183139,-0.013350682834785058,0.004677668703943537,-0.022350967561475237,4
2022-02-22,-0.017972848033797312,-0.01587889987657254,-0.0017764405964051833,-0.04224617718140919,1
2022-02-23,-0.02620450052782075,-0.03641116014436802,-0.021161408037704034,-0.07254830168258311,2
2022-02-24,0.01654251869873983,0.04410800497645022,-0.028237712951215282,0.04695367409397792,3
2022-02-25,0.012882054495655174,0.01593036537376894,0.023383543239280224,0.011299945777284081,4
2022-02-28,0.001636507638650858,-0.0014673390183547882,-0.04259191180037325,0.07211363413565586,0
2022-03-01,-0.011695949801868251,-0.015891148369833387,-0.038459214087787005,-0.006986492144572377,1
2022-03-02,0.02037898286849358,0.006006111112644554,0.020528185811892762,0.01779600470296842,2
2022-03-03,-0.001983123078021343,-0.02769967430173762,-0.007133508195121079,-0.04724057511561311,3
2022-03-04,-0.018579742083015823,-0.015381483821486462,-0.02853243488623849,-0.0011922300504741562,4
2022-03-07,-0.024003340443434225,-0.05786267214586164,-0.03938139361862578,-0.04104369101185902,0
2022-03-08,-0.011744899476741033,-0.010520594620232346,-0.007067766153392625,0.024335419149005895,1
2022-03-09,0.034399182034084236,0.023717698424230754,0.039280687137684095,0.04107819387010212,2
2022-03-10,-0.027562671557893267,0.05271118653269622,-0.011911109638009844,-0.024358017786858904,3
2022-03-11,-0.024199275257264164,-0.008845856240147519,-0.022781421744691954,-0.05259370365966602,4
2022-03-14,-0.026921664196221714,-0.025553208143987614,0.009881828194351275,-0.03711720154932235,0
2022-03-15,0.02924562152842923,0.03813139923769891,0.01759040810630514,0.04530634609366675,1
2022-03-16,0.028602409260167435,0.03819476755459102,0.04371626393254847,0.046704219074345354,2
2022-03-17,0.0064333378393751015,0.02664947618554765,0.012565548653616655,0.03665493442277862,3
2022-03-18,0.020703056544629787,0.025192147663773066,-0.0003568834354624843,0.03803519751155836,4
2022-03-21,0.008501305251692588,0.001493436589994942,-0.0032172690606715217,0.017268009913468576,0
2022-03-22,0.020587291771295167,0.020820051155123028,0.021044455454723516,0.0760832835953988,1
2022-03-23,0.00820015306024358,-0.009022396175222974,-0.020114139674703855,0.005147863044765912,2
2022-03-24,0.022424461367465898,0.0014768099843156708,0.006489237514986441,0.014714339594958641,3
2022-03-25,0.0037271005670523848,0.0068448147304497955,0.00870445082616915,-0.003240181703986614,4
2022-03-28,0.005023916905196845,0.02527066880086216,-0.007425768582534742,0.07728050710253655,0
2022-03-29,0.018953732806139687,0.0019184362663260243,0.002197954579477071,0.007054913567225325,1
2022-03-30,-0.006671654206119214,-0.017961531171231216,-0.004543314558495401,-0.005087674440050588,2
2022-03-31,-0.017935618440792993,-0.020064520292900095,-0.03048691636380209,-0.01509517416561853,3
2022-04-01,-0.0017198946248671958,0.0034450322821231614,-0.007436915328827081,0.006465651918934319,4
2022-04-04,0.023417266402861153,0.02884445449723015,0.004424629607759937,0.05459557817973847,0
2022-04-05,-0.019123642257248507,-0.025822642256601212,-0.011705714182257049,-0.048464637280470575,1
2022-04-06,-0.01862332487183929,-0.03283328123701215,-0.013971373197596743,-0.042589069768463106,2
2022-04-07,0.0018026522233860543,-0.0061382328144399005,-0.0030467046877499316,0.01093679078037125,3
2022-04-08,-0.011980508190507284,-0.021291810941382657,0.01814233846176189,-0.030510186068030958,4
2022-04-11,-0.025847089789402783,-0.021850949776512304,-0.0036773456820543876,-0.049534931817513166,0
2022-04-12,0.011457358847508889,-0.0022158166719546393,-0.011038206140276242,0.01122853693277581,1
2022-04-13,0.016210624246508796,0.031037763445815297,-0.032764375780138875,0.03525937358618668,2
2022-04-14,-0.03044720498824005,-0.024961650159491106,-0.009312643438192833,-0.03723709338922126,3
2022-04-18,-0.0013315548523887238,0.007084013688019547,0.01838381687823445,0.01939443951963136,0
2022-04-19,0.01401631694389168,0.034294010908479985,0.02049501063549544,0.023480261839117743,1
2022-04-20,-0.0010159685874282878,-0.026386116801539967,0.003502230279928887,-0.05082502163771964,2
2022-04-21,-0.004855194246644849,-0.03772931062801116,-0.007782135930771127,0.03180563608534794,3
2022-04-22,-0.028215701357878237,-0.026969363430673157,-0.0291430471236931,-0.003704429607069112,4
2022-04-25,0.0067146559204969035,0.011872429325306142,-0.0003154103131760998,-0.007019222592886596,0
2022-04-26,-0.03804267095319181,-0.046830397470919216,-0.030027331881801636,-0.1299278575282087,1
2022-04-27,-0.001468015761569598,-0.008819827903123646,-0.013091523370081062,0.005790878918745771,2
2022-04-28,0.04416560181306432,0.045483928748159326,0.01568923583921846,-0.004548029513557434,3
2022-04-29,-0.037291530544666454,-0.15139791287665294,-0.03280069680660118,-0.007721957937068309,4
2022-05-02,0.001964634554262633,0.0017565476902947816,0.0090906129345668,0.03628977282780161,0
2022-05-03,0.009576673644857902,-0.001981867083020741,0.02119355136013862,0.006963974902024329,1
2022-05-04,0.04018988597934788,0.013390415419768674,0.03254609712308384,0.04659599279666411,2
2022-05-05,-0.05732873752451485,-0.07862161321968106,-0.025338014097132888,-0.08695990905101429,3
2022-05-06,0.004716061533075108,-0.014140750847553027,-0.0016153567919411282,-0.00877557365586079,4
2022-05-09,-0.033752403198672946,-0.05354166033985861,-0.015148048366902787,-0.0951126361970946,0
2022-05-10,0.01598349216969186,0.0006432376717789796,-0.024674108568234966,0.016293707630266798,1
2022-05-11,-0.053233191738184166,-0.032556515700991426,-0.006328402872415119,-0.08615264955046516,2
2022-05-12,-0.027262521822678916,0.01468209351950851,-0.0008469402548392603,-0.008207980246495447,3
2022-05-13,0.03141746140203629,0.05569537333818603,0.008855915330132453,0.05555683158900242,4
2022-05-16,-0.010729462715724935,-0.020052883582188433,-0.0069937640368483754,-0.06055559591829793,0
2022-05-17,0.025104853426180105,0.04030980601090871,0.032609915816956714,0.050132289582274676,1
2022-05-18,-0.05807316210740538,-0.07425163860523774,-0.01725406065843675,-0.07043726926027942,2
2022-05-19,-0.02494998316999342,0.0019259973748420684,-0.014933190234936094,-0.0005496144580126333,3
2022-05-20,0.0017455962445822788,0.0025313230136676168,-0.008232560822548387,-0.06631616117599509,4
2022-05-23,0.039335356091233356,-0.0003161006497306091,0.06003291726809247,0.016432950581559483,0
2022-05-24,-0.019402974290394,-0.03266897126205679,0.014026196686997843,-0.07176955888757142,1
2022-05-25,0.0011393419627068594,0.025371870055026394,0.006940238515117353,0.04762508488803113,2
2022-05-26,0.022934309013709884,0.03950431937060653,0.017142420464835703,0.07164265445291097,3
2022-05-27,0.03994812268374284,0.0359770770988458,0.014038866871941549,0.0707688185938516,4
2022-05-31,-0.005360605461968932,0.043030852834664374,0.0072864343880698025,-0.0018051917677216725,1
2022-06-01,-0.0008736960569719724,0.01219142464906909,-0.017700946349464626,-0.023876273341224673,2
2022-06-02,0.01667152116965206,0.030965911805553418,0.015960100214613023,0.04571303469577831,3
2022-06-03,-0.03931870157363366,-0.0255076393596147,-0.014037475910354515,-0.09672413884722543,4
2022-06-06,0.00521436130292929,0.01974655443905197,-0.0033092010454441175,0.01591980642197778,0
2022-06-07,0.017432819101052256,-0.014447976483889591,0.0026173548399802656,0.002542820180630796,1
2022-06-08,-0.005056056551528395,-0.014907309337206952,-0.01604226060279677,0.012397350726358317,2
2022-06-09,-0.03661805842798257,-0.042394573681651705,-0.02123979844430107,-0.008970671737446728,3
2022-06-10,-0.03939468547109864,-0.057588983573757455,-0.04705592720373544,-0.0316877053198606,4
2022-06-13,-0.03903683195084252,-0.05608072910711982,-0.030230697307317148,-0.07366972655880115,0
2022-06-14,0.006650597132054767,-0.013205363644664271,-0.016779471816078927,0.023606322357198544,1
2022-06-15,0.019911493537666747,0.05106358079343476,0.011766582896099123,0.0533736162801124,2
2022-06-16,-0.040458711044131616,-0.03795462873180644,-0.017305170289453154,-0.08927688581957327,3
2022-06-17,0.011466965660343031,0.02439607839682275,-0.0035325756574028163,0.017029157609637507,4
2022-06-21,0.032235576978831774,0.022895360879700146,0.024470276994311247,0.08942411634475682,1
2022-06-22,-0.0038344063407488318,0.0024812460138330314,-0.005627343353454301,-0.004015858661335937,2
2022-06-23,0.021344591842326587,0.03153073437129849,-0.010999927733941492,-0.0043156097521520964,3
2022-06-24,0.024221408731062346,0.03512809079637085,0.029408950116569955,0.04425503260828766,4
2022-06-27,0.0,-0.02821501915746544,-0.008044551051471461,-0.003206786761701394,0
2022-06-28,-0.030242647525224983,-0.0527726431080026,-0.004823427196828415,-0.05133914578061633,1
2022-06-29,0.01294002025541105,0.01405345471235067,-0.0044997569408171175,-0.018100003611393488,2
2022-06-30,-0.018192401116686786,-0.025195393281078386,-0.02360690511743685,-0.0177355774717728,3
2022-07-01,0.016034908530152787,0.03105406439766482,0.012706356884070335,0.012352524133575146,4
2022-07-05,0.018753804614970216,0.035330514810317494,-0.0038108845500653163,0.025215114905161356,1
2022-07-06,0.00956127040119096,0.007286182647943523,-0.006503158492182046,-0.00573722846648063,2
2022-07-07,0.02371610459964966,0.017341975999450154,0.0249782427206814,0.05380522947187794,3
2022-07-08,0.004703650084190328,-0.006814197291832153,-0.0031430871640324085,0.02511707828484195,4
2022-07-11,-0.01486770875958599,-0.03335256478334072,-0.01320320118971745,-0.06772231414560198,0
2022-07-12,0.006810163692764677,-0.022900025593117632,0.0009740374924823898,-0.005448427397798375,1
2022-07-13,-0.002539780644844941,0.0107459397638012,-0.009427111015863594,0.016890005886123306,2
2022-07-14,0.02027545590062976,0.0020811275557193875,-0.03556395610902243,0.005357484236889209,3
2022-07-15,0.011385097123011523,0.026052020207380393,0.044814161187045065,0.007330299130864308,4
2022-07-18,-0.020859263221014283,0.0018476894058662332,-0.010323147007358879,0.001997430616818738,0
2022-07-19,0.026371069479154196,0.0383717111840348,0.02447648203681615,0.020505045463666282,1
2022-07-20,0.01341954309017048,0.037849962832112935,-0.00017445040860380556,0.007991447618970264,2
2022-07-21,0.014981213335032587,0.015036666950921374,0.00678670312249154,0.09331246499887616,3
2022-07-22,-0.008143552135161594,-0.017891585334626356,-0.004867889093132032,0.0019732780255828208,4
2022-07-25,-0.007425898665359789,-0.010510843951367622,0.004000286676458353,-0.014093787954092982,0
2022-07-26,-0.008865544256900922,-0.05366832967343516,-0.01574555329532783,-0.0363152186530825,1
2022-07-27,0.0336617218809847,0.05226402422174665,0.01591919210025317,0.05982904612856656,2
2022-07-28,0.0035653000402016207,0.0107708959770675,-0.0037381820469555844,0.021882347827174065,3
2022-07-29,0.03226701723558709,0.09859082981024253,0.004779019493518627,0.056238328890716484,4
2022-08-01,-0.006172544488399058,0.003255181148895761,-0.01001882908247388,0.0004262206792024022,0
2022-08-02,-0.009330702213506903,-0.009126353187385704,-0.015708150931729777,0.011072869479979633,1
2022-08-03,0.03753444963983281,0.03917484597170419,0.010440814711876724,0.022402858626649376,2
2022-08-04,-0.0019279827094986193,0.0216251677554199,-0.011063693688080384,0.004014952135593356,3
2022-08-05,-0.0013900993513129756,-0.012492693140300751,0.029811272790126558,-0.0686033118290163,4
2022-08-08,-0.002907431158312934,-0.009921207364734218,-0.012255106501105246,0.007789020718917544,0
2022-08-09,0.00030333851698523045,-0.011398203042398835,0.008966903190134797,-0.0247155543645267,1
2022-08-10,0.02585726488546654,0.03465340706112098,0.025753271162129283,0.03816806100817755,2
2022-08-11,-0.0044411795782247025,-0.014471032455294032,0.014673631957343624,-0.026599955270312264,3
2022-08-12,0.021199267846486014,0.020479998229218345,0.016428138903234787,0.045690263130780645,4
2022-08-15,0.00631330671181194,-0.0025808990121560286,0.0026985357820923407,0.030493897831355556,0
2022-08-16,-0.0009242061435373462,0.011112811619446402,0.009508801549652017,-0.008952025876518947,1
2022-08-17,0.00874632969509748,-0.018684262378250237,-0.00844799675618877,-0.008407578354357605,2
2022-08-18,-0.002294573964602303,0.0014064484864398943,-0.007779466502778324,-0.0037131047703819653,3
2022-08-19,-0.015216715597369701,-0.02901859297383289,-0.02505649553790007,-0.02069451464936621,4
2022-08-22,-0.023298846668643503,-0.03691702741982209,-0.016659994908252887,-0.023027123255798403,0
2022-08-23,-0.0020310559546280315,0.002998007806707862,-0.009905632520785699,0.02230781558771273,1
2022-08-24,0.001792453178690518,0.001346256547678855,0.0024208934974987175,0.0021677745650455194,2
2022-08-25,0.014812370589710524,0.025676456345101635,0.02347028089879346,-0.0034616690754643124,3
2022-08-26,-0.03842842625372793,-0.04873552390255167,-0.033276495206346,-0.02732301898385137,4
2022-08-29,-0.013784486074554956,-0.00736939497405998,-0.0024447792638482148,-0.011415491099770154,0
2022-08-30,-0.015423844021220675,-0.00820055348874808,0.0001748254438234444,-0.02531598923616216,1
2022-08-31,-0.010692291618482066,-0.01534276001209404,-0.005961352279943646,-0.007554668468041173,2
2022-09-01,0.004696004053691824,0.008248627364462172,0.0068352405690327005,0.005608200169827373,3
2022-09-02,-0.013704675853199792,-0.002428212185707223,-0.007010964228283934,-0.025395567131662106,4
2022-09-06,-0.008249014152393219,-0.011040262841267292,0.00026386820341119555,0.015460425583855752,1
2022-09-07,0.009211428326583877,0.026371849253352748,0.01881249011517216,0.03325755641840769,2
2022-09-08,-0.00966446829737696,0.002622535962612139,0.023028629619491793,0.019408586563541073,3
2022-09-09,0.018664611844640168,0.02622824562673727,0.004794847184487278,0.035389242849343666,4
2022-09-12,0.03778500049202589,0.023581047138634757,0.01176212596122288,0.015693156705112052,0
2022-09-13,-0.06047156903941965,-0.07318946892343868,-0.035366725773667465,-0.041209445573060305,1
2022-09-14,0.009509991485750803,0.013549201586232946,-0.0023224853081508993,0.035245873940170286,2
2022-09-15,-0.01911159798673268,-0.017816303428596674,0.014958347541387891,0.0037601953268899466,3
2022-09-16,-0.011020528681162777,-0.02201762235626526,-0.006725012465224866,-0.0013177201460770078,4
2022-09-19,0.024773495325157394,0.009106029090597056,0.009182119297408054,0.018680537647816527,0
2022-09-20,0.0155440197333382,-0.020012830448643673,-0.01991599837472255,-0.001100668054834369,1
2022-09-21,-0.020475890716932246,-0.03032676622578613,-0.02925931518627938,-0.026021592607865372,2
2022-09-22,-0.006395551339991647,-0.010430481377003758,-0.011443890460686083,-0.041438568478665415,3
2022-09-23,-0.015239257154251668,-0.030553234112175698,-0.018788871188867833,-0.04703665354268194,4
2022-09-26,0.002257731156304405,0.011968890924047326,-0.021767282994268385,0.0024668028538151034,0
2022-09-27,0.006544705735701264,-0.00644711979642255,-0.00884130552033437,0.024797737333229056,1
2022-09-28,-0.012732241024259195,0.030980865018271533,0.02001574148743904,0.017065662059063912,2
2022-09-29,-0.05036656564015393,-0.027577874271049258,-0.017091186774373164,-0.07053030781738932,3
2022-09-30,-0.03049971425992215,-0.015803691756381338,-0.015760421236757968,-0.011097446407076914,4
2022-10-03,0.030289470798420266,0.02516733048685826,0.030440993441548995,-0.09008354847845335,0
2022-10-04,0.025300065646957647,0.043978891324203705,0.045722318770634054,0.02862918608137619,1
2022-10-05,0.0020512121349046293,-0.0011568286989317087,-0.012423623813764037,-0.035210184423729626,2
2022-10-06,-0.006647679029523807,-0.005388563475942462,-0.020593003281880132,-0.011191467132615623,3
2022-10-07,-0.03740981621575572,-0.04888996644735092,-0.020176054699708783,-0.06533110715825653,4
2022-10-10,0.0023527774611926274,-0.007799184311071454,-0.009385423502026372,-0.0004932430962923407,0
2022-10-11,-0.010307649617694536,-0.01292739007238406,-0.02928452774775705,-0.02940186584357689,1
2022-10-12,-0.004615754283170985,0.006130377153208065,0.016053205614805395,0.003412211010253521,2
2022-10-13,0.033060349801951446,-0.0032826427568259787,0.054102910412157666,0.02041257160441261,3
2022-10-14,-0.03277095933085415,-0.05132600960921381,0.016503928189388426,-0.07845410579918498,4
2022-10-17,0.028706332398916033,0.06246082010978991,0.04114195664625694,0.06770743117966126,0
2022-10-18,0.009365606512866791,0.022334186457693587,0.02539551564714586,0.003822165646732409,1
2022-10-19,0.0007648263289754588,-0.011148202689094493,-0.019800963471173508,0.008366694500343838,2
2022-10-20,-0.003272445389899961,0.0015630456934787908,-0.0032668377719126977,-0.06878698522005931,3
2022-10-21,0.026699559990699548,0.03470527521216521,0.05119427633871344,0.03395945997966481,4
2022-10-24,0.014694303249173339,0.0041816570199037775,0.0012263509077791491,-0.014987724107085643,0
2022-10-25,0.019152796653964594,0.006488657531862419,0.0026114564397633645,0.051525211920993325,1
2022-10-26,-0.01982208288723571,-0.04182438724790477,0.011425899810762885,0.009931639962148882,2
2022-10-27,-0.03093940805527278,-0.04148511663717591,0.0039402839748854685,0.0020011878357876823,3
2022-10-28,0.07283469045573082,-0.07046806314523207,0.011808146086237531,0.015123446596271723,4
2022-10-31,-0.015530441621450992,-0.009424419446504203,-0.0015876331380747573,-0.004297734947231046,0
2022-11-01,-0.01769845302021425,-0.056733592543971104,0.017872343014150194,0.0012298580156588981,1
2022-11-02,-0.03801856965619156,-0.04945158785215439,-0.0092506546304597,-0.05801089494975556,2
2022-11-03,-0.04333029974555702,-0.03109058271107464,0.0018098869695562694,0.0015338580999043428,3
2022-11-04,-0.0019492016312606425,0.018638216982674413,0.02699086960450032,-0.03709208198225607,4
2022-11-07,0.003894722968572156,-0.004958465035960488,0.005266334947268414,-0.05137700982212229,0
2022-11-08,0.004166315524256448,-0.006093813282808144,0.0006086858469030723,-0.029766854567743133,1
2022-11-09,-0.033753051694078814,-0.043613588180190316,-0.01309404263879577,-0.07436539035358274,2
2022-11-10,0.08523633999756282,0.11491535104712981,0.04033478609488194,0.07132888823212645,3
2022-11-11,0.019085383358089618,0.04214992986278232,0.0016273287769747692,0.027155202242509627,4
2022-11-14,-0.009530805862757261,-0.023084154958510447,-0.010326733199692946,-0.02594999483044167,0
2022-11-15,0.011799401155231926,0.004558631983396615,-0.007269852806772484,0.018009160285334423,1
2022-11-16,-0.008366130780558891,-0.01856627488370591,0.0013529900592845036,-0.03934004993858786,2
2022-11-17,0.0128880428822768,-0.023650675297741616,-0.004366614937692178,-0.020266034660649707,3
2022-11-18,0.0037748068416149296,-0.007513650804188213,0.009760653168246598,-0.016402810087859467,4
2022-11-21,-0.021918510969880053,-0.018006920831346168,-0.005919903876836274,-0.07082202204033466,0
2022-11-22,0.014554553324306317,0.007971580289157953,0.01484601479747755,0.012079065403443036,1
2022-11-23,0.00590876934368275,0.009929087433161624,0.010606727656388721,0.07530952893106566,2
2022-11-25,-0.019788049518560936,-0.0076783312910851725,0.0019034757100354206,-0.0018575995078746789,4
2022-11-28,-0.02661517162410985,0.0057642482872482335,-0.0176331086716806,0.00032805270562665304,0
2022-11-29,-0.021375075444617867,-0.016419307746887702,0.016315839281070242,-0.011491515256992131,1
2022-11-30,0.047449792479511706,0.0436140540859465,0.011793119659382999,0.07390252318127676,2
2022-12-01,0.0018896344442745569,-0.010831192229061232,-0.014138913785878003,0.0,3
2022-12-02,-0.0033767887643772745,-0.014449471106160492,-0.007958987355812033,0.0008214584254523483,4
2022-12-05,-0.008015058518826444,-0.03370736231877925,-0.028441463777485115,-0.06580520897353867,0
2022-12-06,-0.025697853751854377,-0.030795718248338627,0.0016731214385567418,-0.01451975486845227,1
2022-12-07,-0.013880325991031698,0.002376766277155038,-0.0006841634590877438,-0.03267127201155782,2
2022-12-08,0.01205977586175278,0.021140538059143867,0.010439602248008271,-0.003453386948248274,3
2022-12-09,-0.0034412518696129296,-0.014043946522882085,-0.005432988607728937,0.03183338116095202,4
2022-12-12,0.016257173970046994,0.016255164405059676,0.015392215428368177,-0.06477309340338366,0
2022-12-13,0.006759747261498831,0.021198289437405628,-0.00096904094208261,-0.04179828130131225,1
2022-12-14,-0.015657736189073884,-0.009887580246293281,-0.005009468168335924,-0.02612261140486262,2
2022-12-15,-0.047987503674474144,-0.03477554111983318,-0.025123686431474133,0.005533102257132837,3
2022-12-16,-0.014686284176715624,-0.006692740608663019,-0.006245578368237279,-0.04833680500131505,4
2022-12-19,-0.01603746170268407,-0.03403503022155705,0.005937932407330381,-0.0023992055582815475,0
2022-12-20,-0.0005288481505926257,0.003174469440173832,0.004832449465757079,-0.08396483835074355,1
2022-12-21,0.02353036375158287,0.018376816404560806,0.011185176608674347,-0.0016704490129968075,2
2022-12-22,-0.024059726439206515,-0.034947221566029855,-0.011414749370458842,-0.09302311928148893,3
2022-12-23,-0.0028018840134230514,0.017274436611979943,0.0047336787182954325,-0.017706675474399133,4
2022-12-27,-0.013975814597028572,-0.026265685720911106,0.0034981685395858515,-0.12113825810398889,1
2022-12-28,-0.031165613851767752,-0.014800721671305868,0.005450261713937908,0.032553261278161744,2
2022-12-29,0.027930392226835347,0.028435658196292006,0.005721281672174898,0.07772640277207259,3
2022-12-30,0.0024658397717478102,-0.002140568124387558,0.006583786995146456,0.011102159833173808,4
2023-01-03,-0.03812209093272628,0.021435277164066735,0.007577582538692908,-0.13058999220665155,1
2023-01-04,0.010261391528938457,-0.007955122776173124,0.009281777585261834,0.04997884108534127,2
2023-01-05,-0.01066135760602842,-0.02401157339665977,-0.00022163593809191055,-0.02946907696009933,3
2023-01-06,0.036133378062185674,0.0349917378504728,0.018954772341236534,0.02435215499827936,4
2023-01-09,0.00408072910113704,0.014760401298199752,-0.004140974698276458,0.057654579278002493,0
2023-01-10,0.004446374901443608,0.028326693248784427,0.008914352928859077,-0.007711027963739906,1
2023-01-11,0.020892479907962634,0.05645956080731301,0.00740389860118233,0.036109204525613114,2
2023-01-12,-0.0005993147479410017,0.0018911574433712077,-0.0010031326611502076,0.00275546279838757,3
2023-01-13,0.010068431021485056,0.029476316899670684,0.02492142780270997,-0.009432465746951967,4
2023-01-17,0.008717976241459674,-0.021322326395198637,-0.015574018694865811,0.07163646233055776,1
2023-01-18,-0.005384387677261811,-0.0061616190001011146,-0.03050295933123504,-0.020825332244057446,2
2023-01-19,0.0004434794170587275,-0.018822579439957077,-0.013416309926897314,-0.012580752996881307,3
2023-01-20,0.01903866692326024,0.037400259951453026,0.002446189427269087,0.04797727392320426,4
2023-01-23,0.023228295141998156,0.0027724682514327437,0.016082623042569907,0.07457364612008015,0
2023-01-24,0.01001299068984988,-0.012381472357830799,0.008559143663048397,0.0009734348560736818,1
2023-01-25,-0.004712030605650662,0.008888953725914,0.004827744423872995,0.0037457958683397114,2
2023-01-26,0.014694959422667905,0.020774687057825685,0.00616261263278518,0.1040650092615062,3
2023-01-27,0.013591327246716788,0.02998335055905419,0.002426193255249012,0.10436164069972145,4
2023-01-30,-0.02028211603491301,-0.016667823165641346,-0.008516844981712254,-0.06526572943550507,0
2023-01-31,0.00898025882286903,0.025335155126435763,0.005948069345192463,0.03860663902242871,1
2023-02-01,0.007869581255639729,0.0193976149644124,-0.0026473457728749413,0.046197213190127824,2
2023-02-02,0.03639253225552164,0.07120315696615197,-0.004667444907393498,0.03711744228973266,3
2023-02-03,0.024106963454644362,-0.08808283393109906,0.015355795546771396,0.009041655543147504,4
2023-02-06,-0.018091459454723284,-0.011772272805910223,0.005865682518985981,0.024849222136681733,0
2023-02-07,0.019061727615462497,-0.0006852973444615529,0.012116205058980615,0.010470780820742525,1
2023-02-08,-0.01781018787700292,-0.020380578012770365,-0.007055801993911562,0.02250783702828191,2
2023-02-09,-0.006935589397655919,-0.018256648878253772,-0.015686143989169263,0.029516907690852447,3
2023-02-10,0.002453170405360372,-0.006433489213979958,0.004405668974349848,-0.05161833459581209,4
2023-02-13,0.01863209125121721,0.019579629188155288,0.010789618463763475,-0.011493498714308886,0
2023-02-14,-0.004233901159768926,0.0016060637303953276,0.004408944176560118,0.07237801403011461,1
2023-02-15,0.013807665396229534,0.014537811644538115,0.004181320622497537,0.023567198213512965,2
2023-02-16,-0.010484186548469485,-0.03020652173405669,-0.013864800527754028,-0.058631243213632354,3
2023-02-17,-0.007575483740358583,-0.009726256199159738,0.002956949156879538,0.030561678706295534,4
2023-02-21,-0.027042194858029882,-0.027324623494127318,-0.018519385324521492,-0.05394722804913025,1
2023-02-22,0.002892089434497756,0.012712248376870527,-0.007692636574667571,0.017528035977254008,2
2023-02-23,0.0032851832491791132,0.0003131233176392935,0.007978926440393488,0.006006057267467943,3
2023-02-24,-0.01816937934489212,-0.024509991975448668,0.008980754140014919,-0.02601977738759486,4
2023-02-27,0.00821360998391637,0.002776912318089041,0.00869002929375063,0.05316324215501689,0
2023-02-28,-0.003453689026478274,0.005000289230826088,0.008336071597567907,-0.009290230436857878,1
2023-03-01,-0.014348703944012936,-0.022103959704043146,-0.0055963959878411705,-0.014395089751065829,2
2023-03-02,0.0041208785942898575,-0.00043408483069996514,-0.010436583332636671,-0.060322654091468045,3
2023-03-03,0.034488164871890506,0.02962312838587694,0.018193271184310987,0.03545612908951283,4
2023-03-06,0.018369822386630874,-0.012192056844170188,-0.005864296882104825,-0.02032754273314496,0
2023-03-07,-0.014602757221685157,-0.002135579508745822,-0.029849057114616207,-0.03198003067013721,1
2023-03-08,0.00834265323196546,0.003947251242114423,-0.005932848348679489,-0.03089156736881823,2
2023-03-09,-0.01502700174876609,-0.017941053663252087,-0.0556569086129861,-0.05117763786639216,3
2023-03-10,-0.013975848756425508,-0.016614182739941783,0.02507788501491463,0.0030026831172517087,4
2023-03-13,0.013178653154518332,0.01856350439768763,-0.018120480989021834,0.005978365078895034,0
2023-03-14,0.013990732661563133,0.026161301723076753,0.025352046499704253,0.04909578215581386,1
2023-03-15,0.00261814950619963,0.013816419647146834,-0.04839648627386611,-0.015452165385496644,2
2023-03-16,0.018521313915168956,0.03914078921242492,0.019227564845114682,0.020188342220549882,3
2023-03-17,-0.0054688325944600895,-0.010955473953869753,-0.03851425445561036,-0.021963216854791676,4
2023-03-20,0.015365158985256653,-0.012610742620752338,0.0105161889883179,0.01717250122413543,0
2023-03-21,0.011873376872675902,0.029247763784060337,0.026467441365059793,0.07529223411697607,1
2023-03-22,-0.009145059899725114,-0.019166746850565873,-0.026152901861439645,-0.0330851466718186,2
2023-03-23,0.006945276731599348,0.00010133363497333344,-0.002677134097604235,0.0055821275337720674,3
2023-03-24,0.008271175664923209,-0.005893146925693497,-0.015332974524446675,-0.009460894526444498,4
2023-03-27,-0.012369467988734256,-0.0009175342309671865,0.02825777948086521,0.007325624786097459,0
2023-03-28,-0.003988169481981765,-0.0081934405189327,0.003030579491929883,-0.013753472002494866,1
2023-03-29,0.019597396032139416,0.03048493870739539,0.002015444633363636,0.0244876221590413,2
2023-03-30,0.009841160418412634,0.017305747097592427,-0.003024660282417202,0.0071949836717746535,3
2023-03-31,0.015523110973834495,0.012567761597929928,0.012043754990298017,0.060504162532241994,4
2023-04-03,0.007672258006007616,-0.008556175035560798,-0.0011518314759724664,-0.06311918518816903,0
2023-04-04,-0.0032548858167467205,0.014925585099441625,-0.013458278440958373,-0.011307735857578558,1
2023-04-05,-0.011354532336245076,-0.027799874012424952,0.0014900574163330292,-0.03734894534323148,2
2023-04-06,0.0054808379356257085,0.009450740780884159,-0.001097708239381841,-0.002482632348555218,3
2023-04-10,-0.016101337422182397,0.001077222967143844,0.003289388676431821,-0.0029764508462149673,0
2023-04-11,-0.007620144761836779,-0.022268227189570028,0.004914074607745819,0.012281322445656457,1
